case_id,event_count,unique_fields,unique_actors,first_timestamp,last_timestamp,duration_days,has_create_event,create_timestamp,has_stepname,has_statuscode,has_statecode,has_estimatedclosedate,has_actualclosedate,stepname_count,owner_changes,revenue_type_changes,forecast_changes
ITEM-000117,141,58,2,2025-10-17T09:12:00,2025-10-17T10:34:00,0.06,True,2025-10-17T09:12:00,True,True,True,True,True,1,1,1,18
ITEM-000333,73,58,2,2025-10-20T12:56:00,2025-10-28T13:58:00,8.04,True,2025-10-20T12:56:00,True,True,True,True,True,1,1,2,4
ITEM-000258,73,57,3,2025-10-06T09:04:00,2025-10-08T13:17:00,2.18,True,2025-10-06T09:04:00,True,True,True,True,True,4,1,1,4
ITEM-000099,71,58,2,2025-08-18T14:43:00,2025-11-13T14:49:00,87.0,True,2025-08-18T14:43:00,True,True,True,True,True,4,1,2,2
ITEM-000349,70,58,3,2025-10-22T16:53:00,2026-01-28T09:06:00,97.68,True,2025-10-22T16:53:00,True,True,True,True,False,6,1,1,3
ITEM-000612,69,58,2,2025-09-08T09:00:00,2025-10-29T16:26:00,51.31,True,2025-09-08T09:00:00,True,True,True,True,True,4,1,2,2
ITEM-000178,69,57,3,2025-10-23T09:47:00,2026-01-22T04:39:00,90.79,True,2025-10-23T09:47:00,True,True,True,True,False,2,1,2,1
ITEM-000121,69,57,3,2025-10-10T11:03:00,2026-01-12T10:28:00,93.98,True,2025-10-10T11:03:00,True,True,True,True,True,7,1,1,3
ITEM-000301,68,60,2,2025-11-10T09:30:00,2025-12-01T10:39:00,21.05,True,2025-11-10T09:30:00,True,True,True,True,True,4,1,1,2
ITEM-000089,68,57,2,2025-09-02T13:17:00,2026-01-22T05:18:00,141.67,True,2025-09-02T13:17:00,True,True,True,True,False,4,1,2,2
ITEM-000400,67,57,4,2025-11-12T11:08:00,2026-01-28T11:33:00,77.02,True,2025-11-12T11:08:00,True,True,True,True,False,3,1,1,2
ITEM-000332,67,58,2,2025-11-10T15:14:00,2025-12-02T10:52:00,21.82,True,2025-11-10T15:14:00,True,True,True,True,True,4,1,1,2
ITEM-000124,67,59,2,2025-08-13T10:11:00,2026-01-13T08:17:00,152.92,True,2025-08-13T10:11:00,True,True,True,True,True,2,1,1,3
ITEM-000664,66,57,3,2025-08-22T09:06:00,2026-01-14T16:55:00,145.33,True,2025-08-22T09:06:00,True,True,True,True,False,3,1,2,2
ITEM-000104,66,58,2,2025-11-12T11:06:00,2025-12-23T09:32:00,40.93,True,2025-11-12T11:06:00,True,True,True,True,True,4,1,1,2
ITEM-000391,66,58,2,2026-01-12T15:36:00,2026-01-29T14:21:00,16.95,True,2026-01-12T15:36:00,True,True,True,True,True,4,1,1,2
ITEM-000560,65,58,2,2025-10-27T10:44:00,2025-10-27T14:36:00,0.16,True,2025-10-27T10:44:00,True,True,True,True,True,4,1,1,2
ITEM-000204,64,55,2,2025-08-20T10:56:00,2025-08-26T08:42:00,5.91,True,2025-08-20T10:56:00,True,True,True,True,True,1,1,1,2
ITEM-000525,64,58,2,2025-09-25T10:11:00,2025-10-22T09:06:00,26.95,True,2025-09-25T10:11:00,True,True,True,True,True,4,1,1,2
ITEM-000510,64,58,2,2025-12-15T15:07:00,2026-01-08T15:32:00,24.02,True,2025-12-15T15:07:00,True,True,True,True,True,4,1,1,2
ITEM-000028,64,57,2,2025-08-22T09:15:00,2025-09-01T07:31:00,9.93,True,2025-08-22T09:15:00,True,True,True,True,True,4,1,1,2
ITEM-000086,64,58,1,2025-11-13T14:50:00,2025-11-13T14:51:00,0.0,True,2025-11-13T14:50:00,True,True,True,True,True,2,1,1,2
ITEM-000382,63,57,2,2025-12-15T15:11:00,2026-01-22T05:20:00,37.59,True,2025-12-15T15:11:00,True,True,True,True,False,4,1,1,2
ITEM-000401,63,57,2,2025-12-15T14:31:00,2025-12-15T14:32:00,0.0,True,2025-12-15T14:31:00,True,True,True,True,True,4,1,1,2
ITEM-000210,63,56,2,2025-10-01T10:19:00,2025-11-18T09:33:00,47.97,True,2025-10-01T10:19:00,True,True,True,True,True,4,1,1,2
ITEM-000578,63,58,2,2025-10-22T14:04:00,2025-12-19T10:37:00,57.86,True,2025-10-22T14:04:00,True,True,True,True,True,1,1,1,2
ITEM-000643,63,57,2,2025-09-23T09:43:00,2025-12-01T10:41:00,69.04,True,2025-09-23T09:43:00,True,True,True,True,True,4,1,1,2
ITEM-000472,63,57,1,2025-10-28T17:16:00,2026-01-12T15:57:00,75.95,True,2025-10-28T17:16:00,True,True,True,True,False,2,1,1,2
ITEM-000471,63,59,2,2025-12-16T17:00:00,2026-01-02T09:58:00,16.71,True,2025-12-16T17:00:00,True,True,True,True,True,1,1,1,2
ITEM-000294,62,57,2,2025-10-20T12:44:00,2025-11-11T15:55:00,22.13,True,2025-10-20T12:44:00,True,True,True,True,True,1,1,1,2
ITEM-000110,62,59,2,2026-01-08T11:21:00,2026-01-12T15:52:00,4.19,True,2026-01-08T11:21:00,True,True,True,True,True,1,1,1,2
ITEM-000508,62,58,2,2025-11-14T17:26:00,2025-12-01T15:07:00,16.9,True,2025-11-14T17:26:00,True,True,True,True,True,1,1,1,2
ITEM-000234,62,58,2,2025-10-13T15:43:00,2026-01-19T11:40:00,97.83,True,2025-10-13T15:43:00,True,True,True,True,True,1,1,1,2
ITEM-000068,62,57,2,2026-01-06T17:09:00,2026-01-21T19:49:00,15.11,True,2026-01-06T17:09:00,True,True,True,True,False,5,1,1,1
ITEM-000613,62,58,2,2025-10-21T09:51:00,2025-11-11T16:05:00,21.26,True,2025-10-21T09:51:00,True,True,True,True,True,1,1,1,2
ITEM-000281,61,55,2,2025-09-08T11:54:00,2025-10-08T11:11:00,29.97,True,2025-09-08T11:54:00,True,True,True,True,True,4,1,1,2
ITEM-000033,61,58,2,2025-10-28T14:19:00,2025-10-28T14:22:00,0.0,True,2025-10-28T14:19:00,True,True,True,True,True,1,1,1,2
ITEM-000422,61,58,2,2025-08-13T12:03:00,2025-08-19T08:15:00,5.84,True,2025-08-13T12:03:00,True,True,True,True,True,1,1,1,2
ITEM-000397,61,58,2,2025-12-15T13:36:00,2025-12-15T13:44:00,0.01,True,2025-12-15T13:36:00,True,True,True,True,True,1,1,1,2
ITEM-000601,61,55,2,2025-10-08T15:33:00,2025-11-11T09:51:00,33.76,True,2025-10-08T15:33:00,True,True,True,True,True,2,1,1,2
ITEM-000343,61,58,2,2026-01-09T08:18:00,2026-01-09T10:58:00,0.11,True,2026-01-09T08:18:00,True,True,True,True,True,1,1,1,2
ITEM-000268,61,57,2,2025-09-02T09:20:00,2026-01-12T15:43:00,132.27,True,2025-09-02T09:20:00,True,True,True,True,False,1,1,1,1
ITEM-000450,61,55,3,2025-10-16T13:35:00,2025-10-29T16:29:00,13.12,True,2025-10-16T13:35:00,True,True,True,True,True,4,1,1,2
ITEM-000177,60,57,2,2025-10-06T15:25:00,2025-10-22T09:55:00,15.77,True,2025-10-06T15:25:00,True,True,True,True,True,1,1,1,2
ITEM-000657,60,57,2,2025-09-17T14:45:00,2025-10-28T14:06:00,40.97,True,2025-09-17T14:45:00,True,True,True,True,True,1,1,1,2
ITEM-000190,60,55,3,2025-09-16T11:04:00,2025-10-27T11:18:00,41.01,True,2025-09-16T11:04:00,True,True,True,True,True,1,2,1,2
ITEM-000321,60,57,2,2025-10-22T09:55:00,2025-11-19T11:05:00,28.05,True,2025-10-22T09:55:00,True,True,True,True,True,1,1,1,2
ITEM-000327,60,57,2,2025-10-21T09:49:00,2025-11-12T13:14:00,22.14,True,2025-10-21T09:49:00,True,True,True,True,True,1,1,1,2
ITEM-000490,60,57,2,2025-12-15T15:13:00,2026-01-05T14:13:00,20.96,True,2025-12-15T15:13:00,True,True,True,True,True,1,1,1,2
ITEM-000062,60,56,2,2025-09-18T11:38:00,2026-01-14T14:20:00,118.11,True,2025-09-18T11:38:00,True,True,True,True,True,1,1,1,2
ITEM-000238,59,54,3,2025-10-14T13:53:00,2025-10-27T11:18:00,12.89,True,2025-10-14T13:53:00,True,True,True,True,True,1,2,1,2
ITEM-000524,59,56,2,2025-09-26T14:33:00,2026-01-14T14:24:00,109.99,True,2025-09-26T14:33:00,True,True,True,True,True,1,1,1,2
ITEM-000474,59,56,2,2025-10-27T12:39:00,2025-11-24T13:39:00,28.04,True,2025-10-27T12:39:00,True,True,True,True,True,1,1,1,2
ITEM-000296,59,57,2,2026-01-16T09:25:00,2026-01-27T16:23:00,11.29,True,2026-01-16T09:25:00,True,True,True,True,False,1,1,1,1
ITEM-000446,59,57,2,2025-10-29T06:54:00,2026-01-12T15:51:00,75.37,True,2025-10-29T06:54:00,True,True,True,True,False,1,1,1,1
ITEM-000626,59,56,2,2025-08-20T15:34:00,2026-01-12T15:45:00,145.01,True,2025-08-20T15:34:00,True,True,True,True,False,1,1,1,1
ITEM-000155,59,55,3,2026-01-08T10:42:00,2026-01-26T15:34:00,18.2,True,2026-01-08T10:42:00,True,True,True,True,True,1,1,1,2
ITEM-000250,59,55,2,2025-10-23T13:45:00,2026-01-08T15:40:00,77.08,True,2025-10-23T13:45:00,True,True,True,True,True,1,1,1,2
ITEM-000586,59,57,2,2025-12-02T10:48:00,2026-01-28T16:28:00,57.24,True,2025-12-02T10:48:00,True,True,True,True,False,1,1,1,1
ITEM-000565,59,57,2,2025-12-02T14:11:00,2026-01-05T09:51:00,33.82,True,2025-12-02T14:11:00,True,True,True,True,False,2,1,1,1
ITEM-000427,59,54,3,2025-10-14T15:32:00,2025-10-27T11:18:00,12.82,True,2025-10-14T15:32:00,True,True,True,True,True,1,2,1,2
ITEM-000198,58,56,2,2025-12-08T10:28:00,2026-01-26T14:23:00,49.16,True,2025-12-08T10:28:00,True,True,True,True,False,2,1,1,1
ITEM-000116,58,55,2,2025-09-16T11:03:00,2025-09-26T14:18:00,10.14,True,2025-09-16T11:03:00,True,True,True,True,True,1,1,1,2
ITEM-000636,58,57,2,2025-10-28T10:09:00,2026-01-06T11:19:00,70.05,True,2025-10-28T10:09:00,True,True,True,True,False,1,1,1,1
ITEM-000138,58,55,2,2025-09-16T10:58:00,2025-09-26T14:18:00,10.14,True,2025-09-16T10:58:00,True,True,True,True,True,1,1,1,2
ITEM-000334,58,55,2,2025-09-18T11:28:00,2025-09-26T14:22:00,8.12,True,2025-09-18T11:28:00,True,True,True,True,True,1,1,1,2
ITEM-000519,58,55,2,2025-09-16T11:00:00,2025-09-26T14:19:00,10.14,True,2025-09-16T11:00:00,True,True,True,True,True,1,1,1,2
ITEM-000269,58,57,2,2026-01-28T08:54:00,2026-01-29T13:53:00,1.21,True,2026-01-28T08:54:00,True,True,True,True,False,1,1,1,1
ITEM-000127,58,55,2,2025-09-18T11:31:00,2025-09-26T14:26:00,8.12,True,2025-09-18T11:31:00,True,True,True,True,True,1,1,1,2
ITEM-000408,58,56,2,2026-01-16T09:03:00,2026-01-22T10:28:00,6.06,True,2026-01-16T09:03:00,True,True,True,True,False,1,1,1,1
ITEM-000614,58,55,2,2025-10-22T16:51:00,2025-11-25T15:22:00,33.94,True,2025-10-22T16:51:00,True,True,True,True,True,1,1,1,2
ITEM-000314,58,54,3,2025-11-11T10:13:00,2026-01-26T15:35:00,76.22,True,2025-11-11T10:13:00,True,True,True,True,False,3,1,1,1
ITEM-000619,58,54,2,2025-10-06T11:29:00,2025-11-11T13:44:00,36.09,True,2025-10-06T11:29:00,True,True,True,True,True,1,1,1,2
ITEM-000013,58,55,2,2025-08-13T10:15:00,2026-01-08T10:36:00,148.01,True,2025-08-13T10:15:00,True,True,True,True,False,1,1,1,1
ITEM-000040,58,57,2,2026-01-08T11:11:00,2026-01-19T10:19:00,10.96,True,2026-01-08T11:11:00,True,True,True,True,False,1,1,1,1
ITEM-000199,58,55,2,2025-11-12T15:50:00,2025-12-17T15:49:00,35.0,True,2025-11-12T15:50:00,True,True,True,True,True,1,1,1,2
ITEM-000227,57,54,2,2025-08-14T14:20:00,2025-08-15T09:35:00,0.8,True,2025-08-14T14:20:00,True,True,True,True,True,1,1,1,2
ITEM-000247,57,54,2,2025-08-15T10:57:00,2025-08-15T11:15:00,0.01,True,2025-08-15T10:57:00,True,True,True,True,True,1,1,1,2
ITEM-000200,57,54,3,2025-09-29T11:24:00,2026-01-22T04:41:00,114.72,True,2025-09-29T11:24:00,True,True,True,True,False,1,1,1,1
ITEM-000241,57,57,2,2026-01-14T16:52:00,2026-01-14T16:52:00,0.0,True,2026-01-14T16:52:00,True,True,True,True,False,1,1,1,1
ITEM-000265,57,54,2,2025-09-30T08:46:00,2025-09-30T08:49:00,0.0,True,2025-09-30T08:46:00,True,True,True,True,True,1,1,1,2
ITEM-000235,57,54,3,2025-10-07T11:29:00,2026-01-26T15:26:00,111.16,True,2025-10-07T11:29:00,True,True,True,True,False,2,1,1,1
ITEM-000499,57,57,2,2025-12-19T10:13:00,2025-12-19T10:13:00,0.0,True,2025-12-19T10:13:00,True,True,True,True,False,1,1,1,1
ITEM-000478,57,56,3,2025-08-28T13:43:00,2026-01-19T10:17:00,143.86,True,2025-08-28T13:43:00,True,True,True,True,False,1,1,1,1
ITEM-000496,57,56,3,2026-01-12T15:49:00,2026-01-22T04:40:00,9.54,True,2026-01-12T15:49:00,True,True,True,True,False,1,1,1,1
ITEM-000318,57,54,2,2025-08-14T14:04:00,2025-08-14T14:12:00,0.01,True,2025-08-14T14:04:00,True,True,True,True,True,1,1,1,2
ITEM-000505,57,54,2,2025-09-09T12:53:00,2025-09-09T13:01:00,0.01,True,2025-09-09T12:53:00,True,True,True,True,True,1,1,1,2
ITEM-000263,57,56,2,2025-08-28T13:41:00,2026-01-05T09:51:00,129.84,True,2025-08-28T13:41:00,True,True,True,True,False,1,1,1,1
ITEM-000167,57,54,2,2025-10-14T09:10:00,2025-12-18T09:21:00,65.01,True,2025-10-14T09:10:00,True,True,True,True,True,1,1,1,2
ITEM-000261,57,54,3,2025-10-10T11:08:00,2026-01-26T15:29:00,108.18,True,2025-10-10T11:08:00,True,True,True,True,False,2,1,1,2
ITEM-000546,57,54,2,2025-11-11T13:46:00,2025-11-11T15:25:00,0.07,True,2025-11-11T13:46:00,True,True,True,True,True,1,1,1,2
ITEM-000615,57,57,2,2025-12-19T10:01:00,2025-12-19T10:01:00,0.0,True,2025-12-19T10:01:00,True,True,True,True,False,1,1,1,1
ITEM-000085,57,54,2,2025-08-26T07:56:00,2025-08-26T12:31:00,0.19,True,2025-08-26T07:56:00,True,True,True,True,True,1,1,1,2
ITEM-000024,57,54,2,2025-10-07T10:12:00,2025-10-07T11:05:00,0.04,True,2025-10-07T10:12:00,True,True,True,True,True,1,1,1,2
ITEM-000044,57,54,2,2025-08-15T11:47:00,2025-08-15T12:04:00,0.01,True,2025-08-15T11:47:00,True,True,True,True,True,1,1,1,2
ITEM-000083,57,57,2,2026-01-12T09:59:00,2026-01-12T09:59:00,0.0,True,2026-01-12T09:59:00,True,True,True,True,False,1,1,1,1
ITEM-000438,57,57,2,2026-01-16T12:46:00,2026-01-16T12:46:00,0.0,True,2026-01-16T12:46:00,True,True,True,True,False,1,1,1,1
ITEM-000424,57,54,3,2025-10-24T12:24:00,2026-01-22T04:39:00,89.68,True,2025-10-24T12:24:00,True,True,True,True,False,2,1,1,1
ITEM-000377,57,54,2,2025-09-09T12:45:00,2025-09-09T13:02:00,0.01,True,2025-09-09T12:45:00,True,True,True,True,True,1,1,1,2
ITEM-000405,57,54,3,2025-10-14T09:13:00,2026-01-28T12:17:00,106.13,True,2025-10-14T09:13:00,True,True,True,True,False,2,1,1,1
ITEM-000465,57,54,2,2025-08-14T10:39:00,2025-08-15T10:05:00,0.98,True,2025-08-14T10:39:00,True,True,True,True,True,1,1,1,2
ITEM-000486,57,57,2,2026-01-05T14:28:00,2026-01-05T14:28:00,0.0,True,2026-01-05T14:28:00,True,True,True,True,False,1,1,1,1
ITEM-000129,57,54,2,2025-10-30T09:02:00,2025-12-18T09:17:00,49.01,True,2025-10-30T09:02:00,True,True,True,True,True,1,1,1,2
ITEM-000286,57,56,3,2025-10-22T16:55:00,2026-01-29T13:54:00,98.87,True,2025-10-22T16:55:00,True,True,True,True,False,1,1,1,1
ITEM-000566,57,57,2,2026-01-21T13:23:00,2026-01-21T13:23:00,0.0,True,2026-01-21T13:23:00,True,True,True,True,False,1,1,1,1
ITEM-000331,57,54,2,2025-11-10T09:33:00,2025-12-18T09:21:00,37.99,True,2025-11-10T09:33:00,True,True,True,True,True,1,1,1,2
ITEM-000341,57,55,2,2026-01-08T11:36:00,2026-01-12T12:35:00,4.04,True,2026-01-08T11:36:00,True,True,True,True,False,1,1,2,1
ITEM-000114,57,56,2,2025-10-06T15:03:00,2026-01-12T12:36:00,97.9,True,2025-10-06T15:03:00,True,True,True,True,False,1,1,1,1
ITEM-000370,57,54,2,2025-10-10T11:06:00,2025-12-16T09:39:00,66.94,True,2025-10-10T11:06:00,True,True,True,True,True,1,1,1,2
ITEM-000561,57,57,2,2025-12-19T10:23:00,2025-12-19T10:23:00,0.0,True,2025-12-19T10:23:00,True,True,True,True,False,1,1,1,1
ITEM-000063,56,54,3,2025-10-10T11:12:00,2026-01-12T15:05:00,94.16,True,2025-10-10T11:12:00,True,True,True,True,False,2,1,1,1
ITEM-000218,56,56,2,2025-10-29T07:02:00,2025-10-29T07:02:00,0.0,True,2025-10-29T07:02:00,True,True,True,True,False,1,1,1,1
ITEM-000098,56,56,2,2026-01-27T15:29:00,2026-01-27T15:29:00,0.0,True,2026-01-27T15:29:00,True,True,True,True,False,1,1,1,1
ITEM-000491,56,56,2,2026-01-13T07:36:00,2026-01-13T07:36:00,0.0,True,2026-01-13T07:36:00,True,True,True,True,False,1,1,1,1
ITEM-000020,56,56,2,2026-01-27T09:52:00,2026-01-27T09:52:00,0.0,True,2026-01-27T09:52:00,True,True,True,True,False,1,1,1,1
ITEM-000374,56,54,3,2025-10-10T11:05:00,2026-01-05T15:51:00,87.2,True,2025-10-10T11:05:00,True,True,True,True,False,2,1,1,1
ITEM-000279,56,56,2,2026-01-07T12:07:00,2026-01-07T12:07:00,0.0,True,2026-01-07T12:07:00,True,True,True,True,False,1,1,1,1
ITEM-000532,56,56,2,2026-01-05T17:11:00,2026-01-05T17:11:00,0.0,True,2026-01-05T17:11:00,True,True,True,True,False,1,1,1,1
ITEM-000304,56,56,2,2026-01-28T10:33:00,2026-01-28T10:33:00,0.0,True,2026-01-28T10:33:00,True,True,True,True,False,1,1,1,1
ITEM-000384,56,56,2,2026-01-19T12:34:00,2026-01-19T12:34:00,0.0,True,2026-01-19T12:34:00,True,True,True,True,False,1,1,1,1
ITEM-000449,56,56,2,2025-11-12T10:57:00,2025-11-12T10:57:00,0.0,True,2025-11-12T10:57:00,True,True,True,True,False,1,1,1,1
ITEM-000404,56,54,3,2025-10-28T09:23:00,2026-01-26T15:33:00,90.26,True,2025-10-28T09:23:00,True,True,True,True,False,1,1,1,1
ITEM-000027,56,54,3,2025-11-20T11:52:00,2026-01-08T15:24:00,49.15,True,2025-11-20T11:52:00,True,True,True,True,False,1,1,1,1
ITEM-000194,56,56,2,2026-01-28T10:37:00,2026-01-28T10:37:00,0.0,True,2026-01-28T10:37:00,True,True,True,True,False,1,1,1,1
ITEM-000193,55,55,2,2025-10-22T09:11:00,2025-10-22T09:11:00,0.0,True,2025-10-22T09:11:00,True,True,True,True,False,1,1,1,1
ITEM-000451,55,55,2,2025-10-01T15:07:00,2025-10-01T15:07:00,0.0,True,2025-10-01T15:07:00,True,True,True,True,False,1,1,1,1
ITEM-000074,55,54,2,2025-09-19T08:15:00,2026-01-14T14:24:00,117.26,True,2025-09-19T08:15:00,True,True,True,True,False,1,1,1,1
ITEM-000009,55,55,2,2025-12-08T10:24:00,2025-12-08T10:24:00,0.0,True,2025-12-08T10:24:00,True,True,True,True,False,1,1,1,1
ITEM-000512,55,53,2,2025-10-16T09:51:00,2026-01-13T12:43:00,89.12,True,2025-10-16T09:51:00,True,True,True,True,False,1,1,1,1
ITEM-000564,55,54,3,2025-11-11T09:16:00,2026-01-26T15:36:00,76.26,True,2025-11-11T09:16:00,True,True,True,True,False,1,1,1,1
ITEM-000231,55,55,2,2025-11-07T12:02:00,2025-11-07T12:02:00,0.0,True,2025-11-07T12:02:00,True,True,True,True,False,1,1,1,1
ITEM-000518,55,54,3,2025-10-06T10:06:00,2026-01-12T14:57:00,98.2,True,2025-10-06T10:06:00,True,True,True,True,False,1,1,1,1
ITEM-000445,55,54,3,2025-10-06T10:01:00,2026-01-12T15:06:00,98.21,True,2025-10-06T10:01:00,True,True,True,True,False,1,1,1,1
ITEM-000358,54,54,3,2025-10-22T16:54:00,2026-01-28T10:11:00,97.72,True,2025-10-22T16:54:00,True,True,True,True,False,1,1,1,1
ITEM-000191,54,54,2,2026-01-15T13:52:00,2026-01-15T13:52:00,0.0,True,2026-01-15T13:52:00,True,True,True,True,False,1,1,1,1
ITEM-000553,54,53,2,2025-10-06T10:00:00,2025-12-18T09:24:00,72.97,True,2025-10-06T10:00:00,True,True,True,True,False,1,1,1,1
ITEM-000176,54,52,2,2025-09-30T09:29:00,2025-10-29T09:16:00,28.99,True,2025-09-30T09:29:00,True,True,True,True,False,1,1,1,1
ITEM-000150,54,53,2,2025-10-14T09:15:00,2025-12-18T09:23:00,65.01,True,2025-10-14T09:15:00,True,True,True,True,False,1,1,1,1
ITEM-000431,54,53,2,2026-01-28T14:49:00,2026-01-28T15:59:00,0.05,True,2026-01-28T14:49:00,True,True,True,True,False,1,1,1,1
ITEM-000460,54,54,2,2026-01-13T10:37:00,2026-01-13T10:37:00,0.0,True,2026-01-13T10:37:00,True,True,True,True,False,1,1,1,1
ITEM-000539,54,54,2,2025-11-07T08:48:00,2025-11-07T08:48:00,0.0,True,2025-11-07T08:48:00,True,True,True,True,False,1,1,1,1
ITEM-000123,54,53,3,2025-08-28T09:26:00,2026-01-05T15:55:00,130.27,True,2025-08-28T09:26:00,True,True,True,True,False,1,1,1,1
ITEM-000010,53,52,2,2025-09-29T09:44:00,2025-10-29T09:16:00,29.98,True,2025-09-29T09:44:00,True,True,True,True,False,1,1,1,1
ITEM-000386,53,53,2,2025-11-11T09:18:00,2026-01-15T14:07:00,65.2,True,2025-11-11T09:18:00,True,True,True,True,False,1,1,1,1
ITEM-000464,53,53,3,2025-11-11T09:14:00,2026-01-05T15:54:00,55.28,True,2025-11-11T09:14:00,True,True,True,True,False,1,1,1,1
ITEM-000021,53,53,2,2026-01-13T10:41:00,2026-01-13T10:41:00,0.0,True,2026-01-13T10:41:00,True,True,True,True,False,1,1,1,1
ITEM-000628,53,52,2,2025-09-09T12:56:00,2025-09-09T12:56:00,0.0,True,2025-09-09T12:56:00,True,True,True,True,False,1,1,2,1
ITEM-000226,53,53,2,2026-01-13T10:46:00,2026-01-13T10:46:00,0.0,True,2026-01-13T10:46:00,True,True,True,True,False,1,1,1,1
ITEM-000597,53,52,2,2025-08-14T11:06:00,2025-10-29T09:15:00,75.92,True,2025-08-14T11:06:00,True,True,True,True,False,1,1,1,1
ITEM-000323,53,53,2,2026-01-13T10:44:00,2026-01-13T10:44:00,0.0,True,2026-01-13T10:44:00,True,True,True,True,False,1,1,1,1
ITEM-000363,53,53,2,2026-01-27T10:13:00,2026-01-27T10:13:00,0.0,True,2026-01-27T10:13:00,True,True,True,True,False,1,1,1,1
ITEM-000299,53,53,2,2026-01-08T12:36:00,2026-01-08T12:36:00,0.0,True,2026-01-08T12:36:00,True,True,True,True,False,1,1,1,1
ITEM-000160,53,53,2,2025-08-15T14:47:00,2025-08-15T14:49:00,0.0,True,2025-08-15T14:47:00,True,True,True,True,False,1,1,1,1
ITEM-000173,53,53,2,2026-01-13T10:38:00,2026-01-13T10:38:00,0.0,True,2026-01-13T10:38:00,True,True,True,True,False,1,1,1,1
ITEM-000554,53,53,2,2026-01-28T15:54:00,2026-01-28T15:54:00,0.0,True,2026-01-28T15:54:00,True,True,True,True,False,1,1,1,1
ITEM-000259,53,52,2,2025-10-06T10:02:00,2025-10-29T09:21:00,22.97,True,2025-10-06T10:02:00,True,True,True,True,False,1,1,1,1
ITEM-000228,53,53,2,2026-01-08T10:41:00,2026-01-08T10:41:00,0.0,True,2026-01-08T10:41:00,True,True,True,True,False,1,1,1,1
ITEM-000242,52,52,2,2025-08-15T12:06:00,2025-08-15T12:07:00,0.0,True,2025-08-15T12:06:00,True,True,True,True,False,1,1,1,1
ITEM-000413,52,52,2,2025-09-09T12:57:00,2025-09-09T12:57:00,0.0,True,2025-09-09T12:57:00,True,True,True,True,False,1,1,1,1
ITEM-000057,52,52,2,2025-11-11T10:12:00,2025-11-11T10:12:00,0.0,True,2025-11-11T10:12:00,True,True,True,True,False,1,1,1,1
ITEM-000353,52,52,2,2025-08-14T14:10:00,2025-08-14T14:10:00,0.0,True,2025-08-14T14:10:00,True,True,True,True,False,1,1,1,1
ITEM-000335,52,52,2,2025-11-11T10:10:00,2025-11-11T10:10:00,0.0,True,2025-11-11T10:10:00,True,True,True,True,False,1,1,1,1
ITEM-000134,52,52,2,2025-10-15T13:26:00,2025-10-15T13:26:00,0.0,True,2025-10-15T13:26:00,True,True,True,True,False,1,1,1,1
ITEM-000101,52,52,2,2025-10-07T13:31:00,2025-10-07T13:31:00,0.0,True,2025-10-07T13:31:00,True,True,True,True,False,1,1,1,1
ITEM-000620,52,52,2,2025-09-30T09:31:00,2025-09-30T09:31:00,0.0,True,2025-09-30T09:31:00,True,True,True,True,False,1,1,1,1
ITEM-000527,52,52,2,2025-08-15T10:03:00,2025-08-15T10:03:00,0.0,True,2025-08-15T10:03:00,True,True,True,True,False,1,1,1,1
ITEM-000130,52,52,2,2026-01-13T10:40:00,2026-01-13T10:40:00,0.0,True,2026-01-13T10:40:00,True,True,True,True,False,1,1,1,1
ITEM-000144,12,7,3,2025-10-06T11:21:00,2026-01-26T15:27:00,112.17,False,,True,False,False,True,False,4,0,1,1
ITEM-000425,11,10,2,2025-08-11T08:55:00,2026-01-05T09:54:00,147.04,False,,False,True,True,True,True,0,1,1,1
ITEM-000097,11,10,2,2025-08-28T09:32:00,2026-01-12T15:58:00,137.27,False,,False,False,False,True,False,0,1,0,0
ITEM-000223,11,7,3,2025-08-11T08:54:00,2026-01-12T15:41:00,154.28,False,,True,False,False,True,False,2,1,0,0
ITEM-000580,10,7,2,2026-01-13T08:25:00,2026-01-26T15:39:00,13.3,False,,True,False,False,True,False,3,1,1,0
ITEM-000084,9,8,2,2025-08-26T08:18:00,2025-10-15T13:25:00,50.21,False,,False,True,True,False,True,0,0,1,1
ITEM-000469,8,8,1,2025-08-29T07:08:00,2025-08-29T08:38:00,0.06,False,,False,True,True,False,True,0,0,1,1
ITEM-000594,8,8,1,2025-08-11T08:51:00,2025-09-17T14:37:00,37.24,False,,False,True,True,True,True,0,0,1,1
ITEM-000641,8,6,2,2025-10-06T14:35:00,2026-01-06T09:35:00,91.79,False,,True,False,False,True,False,3,0,1,0
ITEM-000246,8,8,1,2025-10-06T09:48:00,2025-10-29T09:22:00,22.98,False,,False,True,True,True,True,0,0,1,1
ITEM-000659,8,8,1,2025-08-11T08:50:00,2025-08-29T08:41:00,17.99,False,,False,True,True,True,True,0,0,1,1
ITEM-000120,7,5,2,2025-10-06T09:53:00,2026-01-26T15:35:00,112.24,False,,False,False,False,True,False,0,0,1,0
ITEM-000288,7,7,1,2025-08-18T09:44:00,2025-10-06T09:57:00,49.01,False,,False,True,True,False,True,0,0,1,1
ITEM-000513,7,6,2,2026-01-15T14:01:00,2026-01-15T14:02:00,0.0,False,,True,False,False,False,False,2,0,1,1
ITEM-000437,7,7,1,2025-08-14T13:29:00,2025-08-14T13:31:00,0.0,False,,False,True,True,True,True,0,0,1,1
ITEM-000545,7,7,1,2025-10-06T09:50:00,2025-10-06T09:50:00,0.0,False,,False,True,True,False,True,0,0,1,1
ITEM-000014,6,5,2,2025-10-06T09:48:00,2026-01-26T15:36:00,112.24,False,,False,False,False,True,False,0,0,1,0
ITEM-000007,6,3,2,2025-10-29T09:17:00,2026-01-26T15:33:00,89.26,False,,False,False,False,True,False,0,0,0,0
ITEM-000352,6,6,1,2025-10-09T07:39:00,2025-12-02T10:29:00,54.12,False,,False,True,True,False,True,0,1,0,1
ITEM-000658,6,6,2,2025-09-02T13:57:00,2025-10-20T12:42:00,47.95,False,,False,True,True,False,True,0,1,0,1
ITEM-000501,6,6,1,2025-08-11T11:40:00,2025-08-17T12:50:00,6.05,False,,False,True,True,False,True,0,0,1,1
ITEM-000475,6,6,1,2025-08-11T08:16:00,2025-08-11T08:49:00,0.02,False,,False,True,True,False,True,0,0,0,1
ITEM-000369,6,6,1,2025-09-04T08:21:00,2025-09-04T08:22:00,0.0,False,,False,True,True,False,True,0,0,0,1
ITEM-000647,6,6,1,2025-08-11T08:50:00,2025-09-11T12:39:00,31.16,False,,False,True,True,True,True,0,0,0,1
ITEM-000362,6,6,1,2025-09-01T08:37:00,2025-12-02T10:30:00,92.08,False,,False,True,True,False,True,0,1,0,1
ITEM-000365,6,6,1,2025-08-28T09:29:00,2025-08-28T09:29:00,0.0,False,,False,True,True,False,True,0,0,1,1
ITEM-000048,5,4,1,2025-10-06T09:53:00,2026-01-28T12:07:00,114.09,False,,False,False,False,True,False,0,0,1,0
ITEM-000030,5,5,1,2025-08-28T09:33:00,2025-08-28T09:33:00,0.0,False,,False,True,True,False,True,0,0,0,1
ITEM-000668,5,5,1,2025-10-06T09:58:00,2025-10-06T09:58:00,0.0,False,,False,True,True,False,True,0,0,0,1
ITEM-000212,5,5,1,2025-10-29T09:20:00,2025-10-29T09:20:00,0.0,False,,False,True,True,False,True,0,0,0,1
ITEM-000453,5,5,1,2025-08-29T07:05:00,2025-08-29T07:05:00,0.0,False,,False,True,True,False,True,0,0,0,1
ITEM-000452,5,5,1,2025-10-06T09:58:00,2025-10-06T09:58:00,0.0,False,,False,True,True,False,True,0,0,0,1
ITEM-000330,5,5,1,2025-08-28T09:32:00,2025-08-28T09:32:00,0.0,False,,False,True,True,False,True,0,0,0,1
ITEM-000216,5,5,1,2025-10-21T12:10:00,2025-10-21T12:10:00,0.0,False,,False,True,True,False,True,0,0,0,1
ITEM-000526,5,4,2,2025-10-06T09:51:00,2026-01-05T15:56:00,91.25,False,,False,False,False,True,False,0,0,1,0
ITEM-000298,5,5,1,2025-10-08T09:52:00,2025-10-08T09:52:00,0.0,False,,False,True,True,False,True,0,0,0,1
ITEM-000305,5,5,1,2025-10-21T12:48:00,2025-10-21T12:48:00,0.0,False,,False,True,True,False,True,0,0,0,1
ITEM-000307,5,5,1,2025-08-19T09:27:00,2025-08-19T09:27:00,0.0,False,,False,True,True,False,True,0,0,0,1
ITEM-000357,5,5,1,2025-08-28T09:32:00,2025-08-28T09:32:00,0.0,False,,False,True,True,False,True,0,0,0,1
ITEM-000159,5,5,1,2025-08-15T10:51:00,2025-08-15T10:51:00,0.0,False,,False,True,True,False,True,0,0,0,1
ITEM-000493,5,5,1,2025-10-06T14:32:00,2025-10-06T14:32:00,0.0,False,,False,True,True,False,True,0,0,0,1
ITEM-000006,5,4,2,2025-08-15T08:12:00,2026-01-05T10:04:00,143.08,False,,False,False,False,True,False,0,0,1,0
ITEM-000617,5,5,1,2025-10-06T09:49:00,2025-10-06T09:49:00,0.0,False,,False,True,True,False,True,0,0,0,1
ITEM-000623,5,5,1,2025-10-29T09:20:00,2025-10-29T09:20:00,0.0,False,,False,True,True,False,True,0,0,0,1
ITEM-000402,5,5,1,2025-08-11T08:54:00,2025-08-11T08:54:00,0.0,False,,False,True,True,False,True,0,0,0,1
ITEM-000666,5,5,1,2025-08-28T09:33:00,2025-08-28T09:33:00,0.0,False,,False,True,True,False,True,0,0,0,1
ITEM-000158,4,4,1,2025-08-15T14:51:00,2025-08-15T14:51:00,0.0,False,,False,True,True,False,True,0,0,0,1
ITEM-000310,4,4,1,2025-10-13T15:45:00,2025-10-13T15:45:00,0.0,False,,False,True,True,False,True,0,0,0,1
ITEM-000504,3,3,1,2025-08-17T12:56:00,2025-10-27T11:18:00,70.93,False,,False,False,False,False,False,0,1,1,0
ITEM-000126,3,3,2,2025-08-17T12:53:00,2025-09-26T09:21:00,39.85,False,,False,False,False,False,False,0,1,1,0
ITEM-000454,3,3,1,2025-10-06T09:57:00,2025-10-29T09:27:00,22.98,False,,False,False,False,True,False,0,0,1,0
ITEM-000273,3,3,1,2025-08-17T12:56:00,2025-10-27T11:18:00,70.93,False,,False,False,False,False,False,0,1,1,0
ITEM-000146,3,3,1,2025-08-17T13:01:00,2025-08-26T07:43:00,8.78,False,,False,False,False,False,False,0,1,1,0
ITEM-000214,3,3,2,2025-08-17T12:54:00,2025-09-26T09:20:00,39.85,False,,False,False,False,False,False,0,1,1,0
ITEM-000230,3,3,1,2026-01-05T15:31:00,2026-01-05T15:31:00,0.0,False,,False,False,False,False,False,0,0,1,0
ITEM-000053,3,3,2,2025-08-17T13:03:00,2025-09-26T09:21:00,39.85,False,,False,False,False,False,False,0,1,1,0
ITEM-000293,3,2,1,2025-10-06T14:19:00,2025-12-18T09:24:00,72.8,False,,False,False,False,True,False,0,0,0,0
ITEM-000049,3,3,1,2025-08-17T12:56:00,2025-08-27T12:57:00,10.0,False,,False,False,False,False,False,0,1,1,0
ITEM-000667,3,3,2,2025-08-17T12:56:00,2025-09-26T09:20:00,39.85,False,,False,False,False,False,False,0,1,1,0
ITEM-000476,3,3,2,2025-08-17T13:01:00,2025-09-26T09:21:00,39.85,False,,False,False,False,False,False,0,1,1,0
ITEM-000107,3,3,1,2025-08-17T13:01:00,2025-10-27T11:18:00,70.93,False,,False,False,False,False,False,0,1,1,0
ITEM-000229,3,3,2,2025-08-17T13:03:00,2026-01-08T09:40:00,143.86,False,,False,False,False,False,False,0,1,1,0
ITEM-000361,2,2,1,2026-01-08T09:40:00,2026-01-08T09:40:00,0.0,False,,False,False,False,False,False,0,1,0,0
ITEM-000373,2,2,1,2025-08-12T10:44:00,2025-08-12T10:44:00,0.0,False,,False,False,False,False,False,0,1,0,0
ITEM-000372,2,2,1,2025-10-07T10:46:00,2025-10-07T10:46:00,0.0,False,,False,False,False,False,False,0,1,0,0
ITEM-000375,2,2,1,2025-10-07T10:45:00,2025-10-07T10:45:00,0.0,False,,False,False,False,False,False,0,1,0,0
ITEM-000360,2,2,1,2025-08-22T13:23:00,2025-08-22T13:23:00,0.0,False,,False,False,False,False,False,0,1,0,0
ITEM-000371,2,2,1,2025-09-26T09:20:00,2025-09-26T09:20:00,0.0,False,,False,False,False,False,False,0,1,0,0
ITEM-000663,2,2,1,2025-08-22T13:23:00,2025-08-22T13:23:00,0.0,False,,False,False,False,False,False,0,1,0,0
ITEM-000662,2,2,1,2025-08-22T13:23:00,2025-08-22T13:23:00,0.0,False,,False,False,False,False,False,0,1,0,0
ITEM-000367,2,2,1,2025-09-01T09:15:00,2025-09-01T09:15:00,0.0,False,,False,False,False,False,False,0,1,0,0
ITEM-000447,2,2,1,2025-10-07T10:46:00,2025-10-07T10:46:00,0.0,False,,False,False,False,False,False,0,1,0,0
ITEM-000609,2,2,1,2025-08-26T07:43:00,2025-08-26T07:43:00,0.0,False,,False,False,False,False,False,0,1,0,0
ITEM-000354,2,2,1,2025-09-01T09:16:00,2025-09-01T09:16:00,0.0,False,,False,False,False,False,False,0,1,0,0
ITEM-000608,2,2,1,2025-09-26T09:20:00,2025-09-26T09:20:00,0.0,False,,False,False,False,False,False,0,1,0,0
ITEM-000355,2,2,1,2025-09-26T09:21:00,2025-09-26T09:21:00,0.0,False,,False,False,False,False,False,0,1,0,0
ITEM-000356,2,2,1,2025-09-26T09:21:00,2025-09-26T09:21:00,0.0,False,,False,False,False,False,False,0,1,0,0
ITEM-000344,2,2,1,2025-10-07T10:46:00,2025-10-07T10:46:00,0.0,False,,False,False,False,False,False,0,1,0,0
ITEM-000345,2,2,1,2025-10-27T11:18:00,2025-10-27T11:18:00,0.0,False,,False,False,False,False,False,0,1,0,0
ITEM-000347,2,2,1,2025-09-26T09:21:00,2025-09-26T09:21:00,0.0,False,,False,False,False,False,False,0,1,0,0
ITEM-000648,2,2,1,2025-10-27T11:18:00,2025-10-27T11:18:00,0.0,False,,False,False,False,False,False,0,1,0,0
ITEM-000170,2,2,1,2025-09-01T09:15:00,2025-09-01T09:15:00,0.0,False,,False,False,False,False,False,0,1,0,0
ITEM-000320,2,2,1,2025-09-08T08:04:00,2025-09-08T08:04:00,0.0,False,,False,False,False,False,False,0,1,0,0
ITEM-000322,2,2,1,2025-08-26T07:43:00,2025-08-26T07:43:00,0.0,False,,False,False,False,False,False,0,1,0,0
ITEM-000325,2,2,1,2026-01-08T09:40:00,2026-01-08T09:40:00,0.0,False,,False,False,False,False,False,0,1,0,0
ITEM-000312,2,2,1,2025-08-26T07:43:00,2025-08-26T07:43:00,0.0,False,,False,False,False,False,False,0,1,0,0
ITEM-000315,2,2,1,2026-01-08T09:40:00,2026-01-08T09:40:00,0.0,False,,False,False,False,False,False,0,1,0,0
ITEM-000317,2,2,1,2025-10-07T10:45:00,2025-10-07T10:45:00,0.0,False,,False,False,False,False,False,0,1,0,0
ITEM-000319,2,2,1,2025-08-26T07:43:00,2025-08-26T07:43:00,0.0,False,,False,False,False,False,False,0,1,0,0
ITEM-000497,2,2,1,2025-10-27T11:18:00,2025-10-27T11:18:00,0.0,False,,False,False,False,False,False,0,1,0,0
ITEM-000498,2,2,1,2025-10-07T10:46:00,2025-10-07T10:46:00,0.0,False,,False,False,False,False,False,0,1,0,0
ITEM-000500,2,2,1,2026-01-08T09:40:00,2026-01-08T09:40:00,0.0,False,,False,False,False,False,False,0,1,0,0
ITEM-000644,2,2,1,2025-09-26T09:20:00,2025-09-26T09:20:00,0.0,False,,False,False,False,False,False,0,1,0,0
ITEM-000502,2,2,1,2025-09-01T09:15:00,2025-09-01T09:15:00,0.0,False,,False,False,False,False,False,0,1,0,0
ITEM-000346,2,2,1,2025-08-26T07:43:00,2025-08-26T07:43:00,0.0,False,,False,False,False,False,False,0,1,0,0
ITEM-000640,2,2,1,2025-08-22T13:23:00,2025-08-22T13:23:00,0.0,False,,False,False,False,False,False,0,1,0,0
ITEM-000492,2,2,1,2025-10-07T10:45:00,2025-10-07T10:45:00,0.0,False,,False,False,False,False,False,0,1,0,0
ITEM-000654,2,2,1,2025-10-07T10:45:00,2025-10-07T10:45:00,0.0,False,,False,False,False,False,False,0,1,0,0
ITEM-000494,2,2,1,2025-09-26T09:20:00,2025-09-26T09:20:00,0.0,False,,False,False,False,False,False,0,1,0,0
ITEM-000495,2,2,1,2025-08-26T07:43:00,2025-08-26T07:43:00,0.0,False,,False,False,False,False,False,0,1,0,0
ITEM-000480,2,2,1,2025-08-26T07:43:00,2025-08-26T07:43:00,0.0,False,,False,False,False,False,False,0,1,0,0
ITEM-000482,2,2,1,2025-09-26T09:21:00,2025-09-26T09:21:00,0.0,False,,False,False,False,False,False,0,1,0,0
ITEM-000483,2,2,1,2025-09-26T09:20:00,2025-09-26T09:20:00,0.0,False,,False,False,False,False,False,0,1,0,0
ITEM-000485,2,2,1,2025-10-27T11:18:00,2025-10-27T11:18:00,0.0,False,,False,False,False,False,False,0,1,0,0
ITEM-000487,2,2,1,2025-10-27T11:18:00,2025-10-27T11:18:00,0.0,False,,False,False,False,False,False,0,1,0,0
ITEM-000652,2,2,1,2025-09-01T09:15:00,2025-09-01T09:15:00,0.0,False,,False,False,False,False,False,0,1,0,0
ITEM-000479,2,2,1,2026-01-08T09:40:00,2026-01-08T09:40:00,0.0,False,,False,False,False,False,False,0,1,0,0
ITEM-000650,2,2,1,2025-10-07T10:46:00,2025-10-07T10:46:00,0.0,False,,False,False,False,False,False,0,1,0,0
ITEM-000649,2,2,1,2025-08-27T12:57:00,2025-08-27T12:57:00,0.0,False,,False,False,False,False,False,0,1,0,0
ITEM-000642,2,2,1,2025-10-07T10:45:00,2025-10-07T10:45:00,0.0,False,,False,False,False,False,False,0,1,0,0
ITEM-000630,2,2,1,2025-08-22T13:23:00,2025-08-22T13:23:00,0.0,False,,False,False,False,False,False,0,1,0,0
ITEM-000416,2,2,1,2026-01-08T09:40:00,2026-01-08T09:40:00,0.0,False,,False,False,False,False,False,0,1,0,0
ITEM-000417,2,2,1,2025-08-26T07:43:00,2025-08-26T07:43:00,0.0,False,,False,False,False,False,False,0,1,0,0
ITEM-000418,2,2,1,2025-10-27T11:18:00,2025-10-27T11:18:00,0.0,False,,False,False,False,False,False,0,1,0,0
ITEM-000011,2,2,1,2025-10-27T11:18:00,2025-10-27T11:18:00,0.0,False,,False,False,False,False,False,0,1,0,0
ITEM-000627,2,2,1,2025-09-26T09:21:00,2025-09-26T09:21:00,0.0,False,,False,False,False,False,False,0,1,0,0
ITEM-000411,2,2,1,2026-01-08T09:40:00,2026-01-08T09:40:00,0.0,False,,False,False,False,False,False,0,1,0,0
ITEM-000415,2,2,1,2025-10-27T11:18:00,2025-10-27T11:18:00,0.0,False,,False,False,False,False,False,0,1,0,0
ITEM-000019,2,2,1,2025-10-07T10:45:00,2025-10-07T10:45:00,0.0,False,,False,False,False,False,False,0,1,0,0
ITEM-000456,2,2,1,2025-09-01T09:16:00,2025-09-01T09:16:00,0.0,False,,False,False,False,False,False,0,1,0,0
ITEM-000457,2,2,1,2025-08-22T13:23:00,2025-08-22T13:23:00,0.0,False,,False,False,False,False,False,0,1,0,0
ITEM-000463,2,2,1,2025-10-07T10:45:00,2025-10-07T10:45:00,0.0,False,,False,False,False,False,False,0,1,0,0
ITEM-000018,2,2,1,2025-09-26T09:20:00,2025-09-26T09:20:00,0.0,False,,False,False,False,False,False,0,1,0,0
ITEM-000109,2,2,1,2025-10-16T10:39:00,2025-10-16T10:39:00,0.0,False,,False,False,False,False,False,0,1,0,0
ITEM-000444,2,2,1,2025-08-22T13:23:00,2025-08-22T13:23:00,0.0,False,,False,False,False,False,False,0,1,0,0
ITEM-000016,2,2,1,2025-09-26T09:21:00,2025-09-26T09:21:00,0.0,False,,False,False,False,False,False,0,1,0,0
ITEM-000041,2,2,1,2025-09-08T08:04:00,2025-09-08T08:04:00,0.0,False,,False,False,False,False,False,0,1,0,0
ITEM-000004,2,2,1,2025-10-07T10:45:00,2025-10-07T10:45:00,0.0,False,,False,False,False,False,False,0,1,0,0
ITEM-000046,2,2,1,2025-08-22T13:23:00,2025-08-22T13:23:00,0.0,False,,False,False,False,False,False,0,1,0,0
ITEM-000015,2,2,1,2025-10-07T10:46:00,2025-10-07T10:46:00,0.0,False,,False,False,False,False,False,0,1,0,0
ITEM-000035,2,2,1,2025-08-26T07:42:00,2025-08-26T07:42:00,0.0,False,,False,False,False,False,False,0,1,0,0
ITEM-000037,2,2,1,2025-08-22T13:23:00,2025-08-22T13:23:00,0.0,False,,False,False,False,False,False,0,1,0,0
ITEM-000038,2,2,1,2025-09-26T09:21:00,2025-09-26T09:21:00,0.0,False,,False,False,False,False,False,0,1,0,0
ITEM-000002,2,2,1,2025-08-22T13:23:00,2025-08-22T13:23:00,0.0,False,,False,False,False,False,False,0,1,0,0
ITEM-000026,2,2,1,2025-08-27T12:57:00,2025-08-27T12:57:00,0.0,False,,False,False,False,False,False,0,1,0,0
ITEM-000669,2,2,1,2026-01-13T09:48:00,2026-01-13T09:48:00,0.0,False,,False,False,False,False,False,0,1,0,0
ITEM-000670,2,2,1,2025-08-17T13:01:00,2025-12-02T10:29:00,106.89,False,,False,False,False,False,False,0,1,1,0
ITEM-000440,2,2,1,2025-09-01T09:15:00,2025-09-01T09:15:00,0.0,False,,False,False,False,False,False,0,1,0,0
ITEM-000348,2,2,1,2025-09-26T09:21:00,2025-09-26T09:21:00,0.0,False,,False,False,False,False,False,0,1,0,0
ITEM-000106,2,2,1,2025-09-26T09:20:00,2025-09-26T09:20:00,0.0,False,,False,False,False,False,False,0,1,0,0
ITEM-000622,2,2,1,2025-08-26T07:42:00,2025-08-26T07:42:00,0.0,False,,False,False,False,False,False,0,1,0,0
ITEM-000621,2,2,1,2025-10-07T10:46:00,2025-10-07T10:46:00,0.0,False,,False,False,False,False,False,0,1,0,0
ITEM-000108,2,2,1,2025-09-01T09:16:00,2025-09-01T09:16:00,0.0,False,,False,False,False,False,False,0,1,0,0
ITEM-000096,2,2,1,2025-09-01T09:16:00,2025-09-01T09:16:00,0.0,False,,False,False,False,False,False,0,1,0,0
ITEM-000102,2,2,1,2025-09-01T09:15:00,2025-09-01T09:15:00,0.0,False,,False,False,False,False,False,0,1,0,0
ITEM-000092,2,2,1,2025-10-07T10:46:00,2025-10-07T10:46:00,0.0,False,,False,False,False,False,False,0,1,0,0
ITEM-000094,2,2,1,2025-10-16T10:39:00,2025-10-16T10:39:00,0.0,False,,False,False,False,False,False,0,1,0,0
ITEM-000095,2,2,1,2025-09-26T09:20:00,2025-09-26T09:20:00,0.0,False,,False,False,False,False,False,0,1,0,0
ITEM-000145,2,2,1,2025-10-16T10:39:00,2025-10-16T10:39:00,0.0,False,,False,False,False,False,False,0,1,0,0
ITEM-000151,2,2,1,2025-09-26T09:20:00,2025-09-26T09:20:00,0.0,False,,False,False,False,False,False,0,1,0,0
ITEM-000136,2,2,1,2025-10-27T11:18:00,2025-10-27T11:18:00,0.0,False,,False,False,False,False,False,0,1,0,0
ITEM-000430,2,2,1,2025-09-26T09:20:00,2025-09-26T09:20:00,0.0,False,,False,False,False,False,False,0,1,0,0
ITEM-000139,2,2,1,2025-10-27T11:18:00,2025-10-27T11:18:00,0.0,False,,False,False,False,False,False,0,1,0,0
ITEM-000143,2,2,1,2025-09-26T09:20:00,2025-09-26T09:20:00,0.0,False,,False,False,False,False,False,0,1,0,0
ITEM-000350,2,2,1,2025-08-22T08:12:00,2025-08-22T08:12:00,0.0,False,,False,False,False,False,False,0,1,0,0
ITEM-000618,2,2,1,2025-08-26T07:43:00,2025-08-26T07:43:00,0.0,False,,False,False,False,False,False,0,1,0,0
ITEM-000169,2,2,1,2025-10-07T10:46:00,2025-10-07T10:46:00,0.0,False,,False,False,False,False,False,0,1,0,0
ITEM-000406,2,2,1,2025-08-26T07:43:00,2025-08-26T07:43:00,0.0,False,,False,False,False,False,False,0,1,0,0
ITEM-000392,2,2,1,2025-10-07T10:45:00,2025-10-07T10:45:00,0.0,False,,False,False,False,False,False,0,1,0,0
ITEM-000393,2,2,1,2025-10-07T10:45:00,2025-10-07T10:45:00,0.0,False,,False,False,False,False,False,0,1,0,0
ITEM-000394,2,2,1,2025-10-07T10:46:00,2025-10-07T10:46:00,0.0,False,,False,False,False,False,False,0,1,0,0
ITEM-000395,2,2,1,2025-08-26T07:42:00,2025-08-26T07:42:00,0.0,False,,False,False,False,False,False,0,1,0,0
ITEM-000061,2,2,1,2025-10-16T10:39:00,2025-10-16T10:39:00,0.0,False,,False,False,False,False,False,0,1,0,0
ITEM-000426,2,2,1,2025-09-26T09:21:00,2025-09-26T09:21:00,0.0,False,,False,False,False,False,False,0,1,0,0
ITEM-000428,2,2,1,2025-09-26T09:20:00,2025-09-26T09:20:00,0.0,False,,False,False,False,False,False,0,1,0,0
ITEM-000137,2,2,1,2025-10-16T10:39:00,2025-10-16T10:39:00,0.0,False,,False,False,False,False,False,0,1,0,0
ITEM-000071,2,2,1,2025-08-22T13:23:00,2025-08-22T13:23:00,0.0,False,,False,False,False,False,False,0,1,0,0
ITEM-000008,2,2,1,2025-10-07T10:46:00,2025-10-07T10:46:00,0.0,False,,False,False,False,False,False,0,1,0,0
ITEM-000632,2,2,1,2025-08-22T13:23:00,2025-08-22T13:23:00,0.0,False,,False,False,False,False,False,0,1,0,0
ITEM-000633,2,2,1,2025-10-07T10:45:00,2025-10-07T10:45:00,0.0,False,,False,False,False,False,False,0,1,0,0
ITEM-000634,2,2,1,2025-10-07T10:45:00,2025-10-07T10:45:00,0.0,False,,False,False,False,False,False,0,1,0,0
ITEM-000637,2,2,1,2025-10-16T10:39:00,2025-10-16T10:39:00,0.0,False,,False,False,False,False,False,0,1,0,0
ITEM-000638,2,2,1,2025-10-07T10:45:00,2025-10-07T10:45:00,0.0,False,,False,False,False,False,False,0,1,0,0
ITEM-000052,2,2,1,2026-01-08T09:40:00,2026-01-08T09:40:00,0.0,False,,False,False,False,False,False,0,1,0,0
ITEM-000054,2,2,1,2025-10-07T10:46:00,2025-10-07T10:46:00,0.0,False,,False,False,False,False,False,0,1,0,0
ITEM-000055,2,2,1,2025-09-26T09:21:00,2025-09-26T09:21:00,0.0,False,,False,False,False,False,False,0,1,0,0
ITEM-000211,2,2,1,2025-08-17T13:01:00,2025-12-02T10:30:00,106.9,False,,False,False,False,False,False,0,1,1,0
ITEM-000201,2,2,1,2025-10-07T10:45:00,2025-10-07T10:45:00,0.0,False,,False,False,False,False,False,0,1,0,0
ITEM-000202,2,2,1,2025-10-27T11:18:00,2025-10-27T11:18:00,0.0,False,,False,False,False,False,False,0,1,0,0
ITEM-000203,2,2,1,2025-08-17T13:01:00,2025-12-02T10:29:00,106.89,False,,False,False,False,False,False,0,1,1,0
ITEM-000195,2,2,1,2025-10-27T11:18:00,2025-10-27T11:18:00,0.0,False,,False,False,False,False,False,0,1,0,0
ITEM-000645,2,2,1,2025-10-07T10:46:00,2025-10-07T10:46:00,0.0,False,,False,False,False,False,False,0,1,0,0
ITEM-000534,2,2,1,2025-09-01T09:15:00,2025-09-01T09:15:00,0.0,False,,False,False,False,False,False,0,1,0,0
ITEM-000531,2,2,1,2025-09-08T08:04:00,2025-09-08T08:04:00,0.0,False,,False,False,False,False,False,0,1,0,0
ITEM-000530,2,2,1,2025-09-26T09:20:00,2025-09-26T09:20:00,0.0,False,,False,False,False,False,False,0,1,0,0
ITEM-000529,2,2,1,2025-10-27T11:18:00,2025-10-27T11:18:00,0.0,False,,False,False,False,False,False,0,1,0,0
ITEM-000221,2,2,1,2025-09-26T09:21:00,2025-09-26T09:21:00,0.0,False,,False,False,False,False,False,0,1,0,0
ITEM-000217,2,2,1,2025-10-07T10:45:00,2025-10-07T10:45:00,0.0,False,,False,False,False,False,False,0,1,0,0
ITEM-000225,2,2,1,2025-10-07T10:45:00,2025-10-07T10:45:00,0.0,False,,False,False,False,False,False,0,1,0,0
ITEM-000197,2,2,1,2025-10-07T10:45:00,2025-10-07T10:45:00,0.0,False,,False,False,False,False,False,0,1,0,0
ITEM-000236,2,2,1,2025-09-01T09:15:00,2025-09-01T09:15:00,0.0,False,,False,False,False,False,False,0,1,0,0
ITEM-000245,2,2,1,2025-08-17T13:01:00,2025-12-02T10:29:00,106.89,False,,False,False,False,False,False,0,1,1,0
ITEM-000244,2,2,1,2025-09-01T09:16:00,2025-09-01T09:16:00,0.0,False,,False,False,False,False,False,0,1,0,0
ITEM-000243,2,2,1,2025-10-16T10:39:00,2025-10-16T10:39:00,0.0,False,,False,False,False,False,False,0,1,0,0
ITEM-000240,2,2,1,2025-10-27T11:18:00,2025-10-27T11:18:00,0.0,False,,False,False,False,False,False,0,1,0,0
ITEM-000187,2,2,1,2025-10-07T10:46:00,2025-10-07T10:46:00,0.0,False,,False,False,False,False,False,0,1,0,0
ITEM-000186,2,2,1,2026-01-08T09:40:00,2026-01-08T09:40:00,0.0,False,,False,False,False,False,False,0,1,0,0
ITEM-000185,2,2,1,2025-10-07T10:46:00,2025-10-07T10:46:00,0.0,False,,False,False,False,False,False,0,1,0,0
ITEM-000224,2,2,1,2025-10-27T11:18:00,2025-10-27T11:18:00,0.0,False,,False,False,False,False,False,0,1,0,0
ITEM-000423,2,2,1,2025-10-27T11:18:00,2025-10-27T11:18:00,0.0,False,,False,False,False,False,False,0,1,0,0
ITEM-000056,2,2,1,2025-10-07T10:45:00,2025-10-07T10:45:00,0.0,False,,False,False,False,False,False,0,1,0,0
ITEM-000629,2,2,1,2025-10-07T10:45:00,2025-10-07T10:45:00,0.0,False,,False,False,False,False,False,0,1,0,0
ITEM-000031,2,2,1,2025-10-27T11:18:00,2025-10-27T11:18:00,0.0,False,,False,False,False,False,False,0,1,0,0
ITEM-000005,2,2,1,2025-08-26T07:43:00,2025-08-26T07:43:00,0.0,False,,False,False,False,False,False,0,1,0,0
ITEM-000398,2,2,1,2025-08-27T12:57:00,2025-08-27T12:57:00,0.0,False,,False,False,False,False,False,0,1,0,0
ITEM-000399,2,2,1,2025-10-27T11:18:00,2025-10-27T11:18:00,0.0,False,,False,False,False,False,False,0,1,0,0
ITEM-000388,2,2,1,2025-08-27T12:57:00,2025-08-27T12:57:00,0.0,False,,False,False,False,False,False,0,1,0,0
ITEM-000390,2,2,1,2025-10-27T11:18:00,2025-10-27T11:18:00,0.0,False,,False,False,False,False,False,0,1,0,0
ITEM-000376,2,2,1,2025-10-07T10:45:00,2025-10-07T10:45:00,0.0,False,,False,False,False,False,False,0,1,0,0
ITEM-000380,2,2,1,2026-01-12T15:56:00,2026-01-12T15:56:00,0.0,False,,False,False,False,True,False,0,0,0,0
ITEM-000381,2,2,1,2025-09-01T09:15:00,2025-09-01T09:15:00,0.0,False,,False,False,False,False,False,0,1,0,0
ITEM-000383,2,2,1,2025-09-08T08:04:00,2025-09-08T08:04:00,0.0,False,,False,False,False,False,False,0,1,0,0
ITEM-000432,2,2,1,2025-10-07T10:46:00,2025-10-07T10:46:00,0.0,False,,False,False,False,False,False,0,1,0,0
ITEM-000436,2,2,1,2025-10-27T11:18:00,2025-10-27T11:18:00,0.0,False,,False,False,False,False,False,0,1,0,0
ITEM-000067,2,2,1,2025-09-01T09:15:00,2025-09-01T09:15:00,0.0,False,,False,False,False,False,False,0,1,0,0
ITEM-000064,2,2,1,2025-10-16T10:39:00,2025-10-16T10:39:00,0.0,False,,False,False,False,False,False,0,1,0,0
ITEM-000079,2,2,1,2025-10-27T11:18:00,2025-10-27T11:18:00,0.0,False,,False,False,False,False,False,0,1,0,0
ITEM-000078,2,2,1,2025-10-27T11:18:00,2025-10-27T11:18:00,0.0,False,,False,False,False,False,False,0,1,0,0
ITEM-000077,2,2,1,2026-01-08T09:40:00,2026-01-08T09:40:00,0.0,False,,False,False,False,False,False,0,1,0,0
ITEM-000076,2,2,1,2025-10-07T10:45:00,2025-10-07T10:45:00,0.0,False,,False,False,False,False,False,0,1,0,0
ITEM-000073,2,2,1,2026-01-08T09:40:00,2026-01-08T09:40:00,0.0,False,,False,False,False,False,False,0,1,0,0
ITEM-000072,2,2,1,2025-08-22T13:23:00,2025-08-22T13:23:00,0.0,False,,False,False,False,False,False,0,1,0,0
ITEM-000439,2,2,1,2025-10-07T10:45:00,2025-10-07T10:45:00,0.0,False,,False,False,False,False,False,0,1,0,0
ITEM-000606,2,2,1,2025-08-22T13:23:00,2025-08-22T13:23:00,0.0,False,,False,False,False,False,False,0,1,0,0
ITEM-000605,2,2,1,2025-09-26T09:20:00,2025-09-26T09:20:00,0.0,False,,False,False,False,False,False,0,1,0,0
ITEM-000604,2,2,1,2025-08-22T13:23:00,2025-08-22T13:23:00,0.0,False,,False,False,False,False,False,0,1,0,0
ITEM-000603,2,2,1,2025-10-27T11:18:00,2025-10-27T11:18:00,0.0,False,,False,False,False,False,False,0,1,0,0
ITEM-000602,2,2,1,2025-10-27T11:18:00,2025-10-27T11:18:00,0.0,False,,False,False,False,False,False,0,1,0,0
ITEM-000600,2,2,1,2025-10-27T11:18:00,2025-10-27T11:18:00,0.0,False,,False,False,False,False,False,0,1,0,0
ITEM-000611,2,2,1,2025-08-27T12:57:00,2025-08-27T12:57:00,0.0,False,,False,False,False,False,False,0,1,0,0
ITEM-000610,2,2,1,2025-10-07T10:46:00,2025-10-07T10:46:00,0.0,False,,False,False,False,False,False,0,1,0,0
ITEM-000081,2,2,1,2025-10-07T10:46:00,2025-10-07T10:46:00,0.0,False,,False,False,False,False,False,0,1,0,0
ITEM-000540,2,2,1,2025-10-07T10:45:00,2025-10-07T10:45:00,0.0,False,,False,False,False,False,False,0,1,0,0
ITEM-000543,2,2,1,2026-01-08T09:40:00,2026-01-08T09:40:00,0.0,False,,False,False,False,False,False,0,1,0,0
ITEM-000311,2,2,1,2025-09-26T09:21:00,2025-09-26T09:21:00,0.0,False,,False,False,False,False,False,0,1,0,0
ITEM-000297,2,2,1,2025-10-07T10:45:00,2025-10-07T10:45:00,0.0,False,,False,False,False,False,False,0,1,0,0
ITEM-000302,2,2,1,2025-08-26T07:43:00,2025-08-26T07:43:00,0.0,False,,False,False,False,False,False,0,1,0,0
ITEM-000303,2,2,1,2025-08-17T13:01:00,2025-10-20T12:42:00,63.99,False,,False,False,False,False,False,0,1,1,0
ITEM-000289,2,2,1,2025-10-07T10:46:00,2025-10-07T10:46:00,0.0,False,,False,False,False,False,False,0,1,0,0
ITEM-000291,2,2,1,2025-10-27T11:18:00,2025-10-27T11:18:00,0.0,False,,False,False,False,False,False,0,1,0,0
ITEM-000292,2,2,1,2025-08-27T12:57:00,2025-08-27T12:57:00,0.0,False,,False,False,False,False,False,0,1,0,0
ITEM-000280,2,2,1,2025-08-22T13:23:00,2025-08-22T13:23:00,0.0,False,,False,False,False,False,False,0,1,0,0
ITEM-000282,2,2,1,2025-09-26T09:20:00,2025-09-26T09:20:00,0.0,False,,False,False,False,False,False,0,1,0,0
ITEM-000283,2,2,1,2025-09-26T09:21:00,2025-09-26T09:21:00,0.0,False,,False,False,False,False,False,0,1,0,0
ITEM-000284,2,2,1,2025-10-07T10:46:00,2025-10-07T10:46:00,0.0,False,,False,False,False,False,False,0,1,0,0
ITEM-000285,2,2,1,2025-10-07T10:46:00,2025-10-07T10:46:00,0.0,False,,False,False,False,False,False,0,1,0,0
ITEM-000287,2,2,1,2025-08-22T13:23:00,2025-08-22T13:23:00,0.0,False,,False,False,False,False,False,0,1,0,0
ITEM-000535,2,2,1,2025-10-16T10:39:00,2025-10-16T10:39:00,0.0,False,,False,False,False,False,False,0,1,0,0
ITEM-000183,2,2,1,2025-08-27T12:57:00,2025-08-27T12:57:00,0.0,False,,False,False,False,False,False,0,1,0,0
ITEM-000182,2,2,1,2025-08-22T13:23:00,2025-08-22T13:23:00,0.0,False,,False,False,False,False,False,0,1,0,0
ITEM-000180,2,2,1,2025-08-26T07:42:00,2025-08-26T07:42:00,0.0,False,,False,False,False,False,False,0,1,0,0
ITEM-000575,2,2,1,2025-10-07T10:46:00,2025-10-07T10:46:00,0.0,False,,False,False,False,False,False,0,1,0,0
ITEM-000574,2,2,1,2025-10-07T10:45:00,2025-10-07T10:45:00,0.0,False,,False,False,False,False,False,0,1,0,0
ITEM-000571,2,2,1,2025-10-07T10:46:00,2025-10-07T10:46:00,0.0,False,,False,False,False,False,False,0,1,0,0
ITEM-000570,2,2,1,2025-09-26T09:20:00,2025-09-26T09:20:00,0.0,False,,False,False,False,False,False,0,1,0,0
ITEM-000336,2,2,1,2025-09-01T09:16:00,2025-09-01T09:16:00,0.0,False,,False,False,False,False,False,0,1,0,0
ITEM-000583,2,2,1,2025-08-26T07:43:00,2025-08-26T07:43:00,0.0,False,,False,False,False,False,False,0,1,0,0
ITEM-000581,2,2,1,2025-09-26T09:20:00,2025-09-26T09:20:00,0.0,False,,False,False,False,False,False,0,1,0,0
ITEM-000591,2,2,1,2025-10-07T10:46:00,2025-10-07T10:46:00,0.0,False,,False,False,False,False,False,0,1,0,0
ITEM-000588,2,2,1,2026-01-08T09:40:00,2026-01-08T09:40:00,0.0,False,,False,False,False,False,False,0,1,0,0
ITEM-000584,2,2,1,2025-08-27T12:57:00,2025-08-27T12:57:00,0.0,False,,False,False,False,False,False,0,1,0,0
ITEM-000596,2,2,1,2025-10-27T11:18:00,2025-10-27T11:18:00,0.0,False,,False,False,False,False,False,0,1,0,0
ITEM-000340,2,2,1,2025-10-07T10:45:00,2025-10-07T10:45:00,0.0,False,,False,False,False,False,False,0,1,0,0
ITEM-000338,2,2,1,2025-10-07T10:45:00,2025-10-07T10:45:00,0.0,False,,False,False,False,False,False,0,1,0,0
ITEM-000568,2,2,1,2025-09-08T08:04:00,2025-09-08T08:04:00,0.0,False,,False,False,False,False,False,0,1,0,0
ITEM-000248,2,2,1,2025-10-27T11:18:00,2025-10-27T11:18:00,0.0,False,,False,False,False,False,False,0,1,0,0
ITEM-000262,2,2,1,2025-10-27T11:18:00,2025-10-27T11:18:00,0.0,False,,False,False,False,False,False,0,1,0,0
ITEM-000260,2,2,1,2025-09-26T09:20:00,2025-09-26T09:20:00,0.0,False,,False,False,False,False,False,0,1,0,0
ITEM-000270,2,2,1,2025-10-07T10:45:00,2025-10-07T10:45:00,0.0,False,,False,False,False,False,False,0,1,0,0
ITEM-000264,2,2,1,2025-08-26T07:43:00,2025-08-26T07:43:00,0.0,False,,False,False,False,False,False,0,1,0,0
ITEM-000278,2,2,1,2025-09-26T09:21:00,2025-09-26T09:21:00,0.0,False,,False,False,False,False,False,0,1,0,0
ITEM-000274,2,2,1,2025-09-08T08:04:00,2025-09-08T08:04:00,0.0,False,,False,False,False,False,False,0,1,0,0
ITEM-000538,2,2,1,2025-08-22T13:23:00,2025-08-22T13:23:00,0.0,False,,False,False,False,False,False,0,1,0,0
ITEM-000511,2,2,1,2025-09-01T09:15:00,2025-09-01T09:15:00,0.0,False,,False,False,False,False,False,0,1,0,0
ITEM-000509,2,2,1,2025-10-16T10:39:00,2025-10-16T10:39:00,0.0,False,,False,False,False,False,False,0,1,0,0
ITEM-000507,2,2,1,2025-08-27T12:57:00,2025-08-27T12:57:00,0.0,False,,False,False,False,False,False,0,1,0,0
ITEM-000506,2,2,1,2025-10-16T10:39:00,2025-10-16T10:39:00,0.0,False,,False,False,False,False,False,0,1,0,0
ITEM-000516,2,2,1,2025-10-07T10:46:00,2025-10-07T10:46:00,0.0,False,,False,False,False,False,False,0,1,0,0
ITEM-000523,2,2,1,2025-10-27T11:18:00,2025-10-27T11:18:00,0.0,False,,False,False,False,False,False,0,1,0,0
ITEM-000522,2,2,1,2025-09-01T09:15:00,2025-09-01T09:15:00,0.0,False,,False,False,False,False,False,0,1,0,0
ITEM-000520,2,2,1,2025-09-01T09:15:00,2025-09-01T09:15:00,0.0,False,,False,False,False,False,False,0,1,0,0
ITEM-000272,2,2,1,2025-08-17T13:01:00,2025-12-02T10:29:00,106.89,False,,False,False,False,False,False,0,1,1,0
ITEM-000537,2,2,1,2025-09-26T09:20:00,2025-09-26T09:20:00,0.0,False,,False,False,False,False,False,0,1,0,0
ITEM-000536,2,2,1,2025-09-26T09:21:00,2025-09-26T09:21:00,0.0,False,,False,False,False,False,False,0,1,0,0
ITEM-000547,2,2,1,2025-09-08T08:04:00,2025-09-08T08:04:00,0.0,False,,False,False,False,False,False,0,1,0,0
ITEM-000544,2,2,1,2025-08-12T10:44:00,2025-08-12T10:44:00,0.0,False,,False,False,False,False,False,0,1,0,0
ITEM-000567,2,2,1,2025-10-27T11:18:00,2025-10-27T11:18:00,0.0,False,,False,False,False,False,False,0,1,0,0
ITEM-000157,2,2,1,2025-08-27T12:57:00,2025-08-27T12:57:00,0.0,False,,False,False,False,False,False,0,1,0,0
ITEM-000156,2,2,1,2025-10-07T10:45:00,2025-10-07T10:45:00,0.0,False,,False,False,False,False,False,0,1,0,0
ITEM-000253,2,2,1,2025-10-07T10:45:00,2025-10-07T10:45:00,0.0,False,,False,False,False,False,False,0,1,0,0
ITEM-000166,2,2,1,2025-08-22T13:23:00,2025-08-22T13:23:00,0.0,False,,False,False,False,False,False,0,1,0,0
ITEM-000164,2,2,1,2026-01-08T09:40:00,2026-01-08T09:40:00,0.0,False,,False,False,False,False,False,0,1,0,0
ITEM-000162,2,2,1,2025-10-07T10:45:00,2025-10-07T10:45:00,0.0,False,,False,False,False,False,False,0,1,0,0
ITEM-000174,2,2,1,2025-09-26T09:21:00,2025-09-26T09:21:00,0.0,False,,False,False,False,False,False,0,1,0,0
ITEM-000309,2,2,1,2025-09-26T09:21:00,2025-09-26T09:21:00,0.0,False,,False,False,False,False,False,0,1,0,0
ITEM-000308,2,2,1,2025-08-26T07:42:00,2025-08-26T07:42:00,0.0,False,,False,False,False,False,False,0,1,0,0
ITEM-000306,2,2,1,2025-09-26T09:21:00,2025-09-26T09:21:00,0.0,False,,False,False,False,False,False,0,1,0,0
ITEM-000254,2,2,1,2025-10-07T10:46:00,2025-10-07T10:46:00,0.0,False,,False,False,False,False,False,0,1,0,0
ITEM-000153,2,2,1,2025-08-26T07:43:00,2025-08-26T07:43:00,0.0,False,,False,False,False,False,False,0,1,0,0
ITEM-000025,1,1,1,2025-08-17T13:01:00,2025-08-17T13:01:00,0.0,False,,False,False,False,False,False,0,0,1,0
ITEM-000029,1,1,1,2025-08-17T12:56:00,2025-08-17T12:56:00,0.0,False,,False,False,False,False,False,0,0,1,0
ITEM-000032,1,1,1,2025-08-17T12:56:00,2025-08-17T12:56:00,0.0,False,,False,False,False,False,False,0,0,1,0
ITEM-000034,1,1,1,2025-08-17T12:56:00,2025-08-17T12:56:00,0.0,False,,False,False,False,False,False,0,0,1,0
ITEM-000036,1,1,1,2025-08-17T12:56:00,2025-08-17T12:56:00,0.0,False,,False,False,False,False,False,0,0,1,0
ITEM-000039,1,1,1,2025-12-02T10:29:00,2025-12-02T10:29:00,0.0,False,,False,False,False,False,False,0,1,0,0
ITEM-000042,1,1,1,2025-10-22T17:14:00,2025-10-22T17:14:00,0.0,False,,False,False,False,False,False,0,1,0,0
ITEM-000043,1,1,1,2025-12-02T10:29:00,2025-12-02T10:29:00,0.0,False,,False,False,False,False,False,0,1,0,0
ITEM-000045,1,1,1,2025-08-17T12:53:00,2025-08-17T12:53:00,0.0,False,,False,False,False,False,False,0,0,1,0
ITEM-000047,1,1,1,2025-08-17T12:56:00,2025-08-17T12:56:00,0.0,False,,False,False,False,False,False,0,0,1,0
ITEM-000050,1,1,1,2025-12-02T10:30:00,2025-12-02T10:30:00,0.0,False,,False,False,False,False,False,0,1,0,0
ITEM-000051,1,1,1,2025-08-17T12:53:00,2025-08-17T12:53:00,0.0,False,,False,False,False,False,False,0,0,1,0
ITEM-000635,1,1,1,2025-08-17T12:56:00,2025-08-17T12:56:00,0.0,False,,False,False,False,False,False,0,0,1,0
ITEM-000639,1,1,1,2025-12-02T10:30:00,2025-12-02T10:30:00,0.0,False,,False,False,False,False,False,0,1,0,0
ITEM-000646,1,1,1,2025-12-02T10:29:00,2025-12-02T10:29:00,0.0,False,,False,False,False,False,False,0,1,0,0
ITEM-000651,1,1,1,2025-08-17T12:56:00,2025-08-17T12:56:00,0.0,False,,False,False,False,False,False,0,0,1,0
ITEM-000653,1,1,1,2025-08-17T12:53:00,2025-08-17T12:53:00,0.0,False,,False,False,False,False,False,0,0,1,0
ITEM-000655,1,1,1,2025-08-17T13:01:00,2025-08-17T13:01:00,0.0,False,,False,False,False,False,False,0,0,1,0
ITEM-000656,1,1,1,2025-08-17T12:53:00,2025-08-17T12:53:00,0.0,False,,False,False,False,False,False,0,0,1,0
ITEM-000660,1,1,1,2025-12-02T10:29:00,2025-12-02T10:29:00,0.0,False,,False,False,False,False,False,0,1,0,0
ITEM-000661,1,1,1,2025-12-02T10:30:00,2025-12-02T10:30:00,0.0,False,,False,False,False,False,False,0,1,0,0
ITEM-000441,1,1,1,2025-08-17T12:54:00,2025-08-17T12:54:00,0.0,False,,False,False,False,False,False,0,0,1,0
ITEM-000442,1,1,1,2025-12-02T10:29:00,2025-12-02T10:29:00,0.0,False,,False,False,False,False,False,0,1,0,0
ITEM-000443,1,1,1,2025-12-02T10:29:00,2025-12-02T10:29:00,0.0,False,,False,False,False,False,False,0,1,0,0
ITEM-000448,1,1,1,2025-08-17T12:56:00,2025-08-17T12:56:00,0.0,False,,False,False,False,False,False,0,0,1,0
ITEM-000455,1,1,1,2025-08-17T12:56:00,2025-08-17T12:56:00,0.0,False,,False,False,False,False,False,0,0,1,0
ITEM-000458,1,1,1,2025-08-17T12:56:00,2025-08-17T12:56:00,0.0,False,,False,False,False,False,False,0,0,1,0
ITEM-000459,1,1,1,2025-10-22T17:14:00,2025-10-22T17:14:00,0.0,False,,False,False,False,False,False,0,1,0,0
ITEM-000461,1,1,1,2025-08-17T12:56:00,2025-08-17T12:56:00,0.0,False,,False,False,False,False,False,0,0,1,0
ITEM-000462,1,1,1,2025-08-17T13:03:00,2025-08-17T13:03:00,0.0,False,,False,False,False,False,False,0,0,1,0
ITEM-000466,1,1,1,2025-08-17T12:56:00,2025-08-17T12:56:00,0.0,False,,False,False,False,False,False,0,0,1,0
ITEM-000467,1,1,1,2025-08-17T13:03:00,2025-08-17T13:03:00,0.0,False,,False,False,False,False,False,0,0,1,0
ITEM-000468,1,1,1,2025-08-17T13:02:00,2025-08-17T13:02:00,0.0,False,,False,False,False,False,False,0,0,1,0
ITEM-000470,1,1,1,2025-10-22T17:14:00,2025-10-22T17:14:00,0.0,False,,False,False,False,False,False,0,1,0,0
ITEM-000409,1,1,1,2025-08-17T13:03:00,2025-08-17T13:03:00,0.0,False,,False,False,False,False,False,0,0,1,0
ITEM-000410,1,1,1,2025-08-17T12:56:00,2025-08-17T12:56:00,0.0,False,,False,False,False,False,False,0,0,1,0
ITEM-000412,1,1,1,2025-08-17T13:03:00,2025-08-17T13:03:00,0.0,False,,False,False,False,False,False,0,0,1,0
ITEM-000414,1,1,1,2025-08-17T13:01:00,2025-08-17T13:01:00,0.0,False,,False,False,False,False,False,0,0,1,0
ITEM-000419,1,1,1,2025-08-17T13:01:00,2025-08-17T13:01:00,0.0,False,,False,False,False,False,False,0,0,1,0
ITEM-000420,1,1,1,2025-08-17T13:01:00,2025-08-17T13:01:00,0.0,False,,False,False,False,False,False,0,0,1,0
ITEM-000421,1,1,1,2025-08-17T13:01:00,2025-08-17T13:01:00,0.0,False,,False,False,False,False,False,0,0,1,0
ITEM-000429,1,1,1,2025-08-17T12:54:00,2025-08-17T12:54:00,0.0,False,,False,False,False,False,False,0,0,1,0
ITEM-000433,1,1,1,2025-08-17T12:56:00,2025-08-17T12:56:00,0.0,False,,False,False,False,False,False,0,0,1,0
ITEM-000434,1,1,1,2025-08-17T12:53:00,2025-08-17T12:53:00,0.0,False,,False,False,False,False,False,0,0,1,0
ITEM-000435,1,1,1,2025-08-17T13:03:00,2025-08-17T13:03:00,0.0,False,,False,False,False,False,False,0,0,1,0
ITEM-000378,1,1,1,2025-08-17T12:56:00,2025-08-17T12:56:00,0.0,False,,False,False,False,False,False,0,0,1,0
ITEM-000379,1,1,1,2025-08-17T12:56:00,2025-08-17T12:56:00,0.0,False,,False,False,False,False,False,0,0,1,0
ITEM-000385,1,1,1,2025-08-17T13:01:00,2025-08-17T13:01:00,0.0,False,,False,False,False,False,False,0,0,1,0
ITEM-000387,1,1,1,2025-08-17T13:01:00,2025-08-17T13:01:00,0.0,False,,False,False,False,False,False,0,0,1,0
ITEM-000389,1,1,1,2025-08-17T13:01:00,2025-08-17T13:01:00,0.0,False,,False,False,False,False,False,0,0,1,0
ITEM-000396,1,1,1,2025-12-02T10:29:00,2025-12-02T10:29:00,0.0,False,,False,False,False,False,False,0,1,0,0
ITEM-000403,1,1,1,2025-12-02T10:29:00,2025-12-02T10:29:00,0.0,False,,False,False,False,False,False,0,1,0,0
ITEM-000407,1,1,1,2025-08-17T12:56:00,2025-08-17T12:56:00,0.0,False,,False,False,False,False,False,0,0,1,0
ITEM-000351,1,1,1,2025-08-17T12:53:00,2025-08-17T12:53:00,0.0,False,,False,False,False,False,False,0,0,1,0
ITEM-000359,1,1,1,2025-08-17T13:03:00,2025-08-17T13:03:00,0.0,False,,False,False,False,False,False,0,0,1,0
ITEM-000364,1,1,1,2025-12-02T10:29:00,2025-12-02T10:29:00,0.0,False,,False,False,False,False,False,0,1,0,0
ITEM-000366,1,1,1,2025-08-17T13:01:00,2025-08-17T13:01:00,0.0,False,,False,False,False,False,False,0,0,1,0
ITEM-000368,1,1,1,2025-10-22T17:14:00,2025-10-22T17:14:00,0.0,False,,False,False,False,False,False,0,1,0,0
ITEM-000473,1,1,1,2025-12-02T10:30:00,2025-12-02T10:30:00,0.0,False,,False,False,False,False,False,0,1,0,0
ITEM-000477,1,1,1,2025-08-17T13:01:00,2025-08-17T13:01:00,0.0,False,,False,False,False,False,False,0,0,1,0
ITEM-000481,1,1,1,2025-08-17T12:56:00,2025-08-17T12:56:00,0.0,False,,False,False,False,False,False,0,0,1,0
ITEM-000484,1,1,1,2025-08-17T12:53:00,2025-08-17T12:53:00,0.0,False,,False,False,False,False,False,0,0,1,0
ITEM-000488,1,1,1,2025-08-17T12:57:00,2025-08-17T12:57:00,0.0,False,,False,False,False,False,False,0,0,1,0
ITEM-000489,1,1,1,2025-08-17T12:56:00,2025-08-17T12:56:00,0.0,False,,False,False,False,False,False,0,0,1,0
ITEM-000503,1,1,1,2025-08-17T12:56:00,2025-08-17T12:56:00,0.0,False,,False,False,False,False,False,0,0,1,0
ITEM-000313,1,1,1,2025-08-17T13:01:00,2025-08-17T13:01:00,0.0,False,,False,False,False,False,False,0,0,1,0
ITEM-000316,1,1,1,2025-12-02T10:30:00,2025-12-02T10:30:00,0.0,False,,False,False,False,False,False,0,1,0,0
ITEM-000324,1,1,1,2025-08-17T12:53:00,2025-08-17T12:53:00,0.0,False,,False,False,False,False,False,0,0,1,0
ITEM-000326,1,1,1,2025-10-22T17:14:00,2025-10-22T17:14:00,0.0,False,,False,False,False,False,False,0,1,0,0
ITEM-000328,1,1,1,2025-08-17T12:54:00,2025-08-17T12:54:00,0.0,False,,False,False,False,False,False,0,0,1,0
ITEM-000329,1,1,1,2025-08-17T12:54:00,2025-08-17T12:54:00,0.0,False,,False,False,False,False,False,0,0,1,0
ITEM-000337,1,1,1,2025-12-02T10:29:00,2025-12-02T10:29:00,0.0,False,,False,False,False,False,False,0,1,0,0
ITEM-000339,1,1,1,2025-08-17T12:45:00,2025-08-17T12:45:00,0.0,False,,False,False,False,False,False,0,0,1,0
ITEM-000342,1,1,1,2025-08-17T12:53:00,2025-08-17T12:53:00,0.0,False,,False,False,False,False,False,0,0,1,0
ITEM-000290,1,1,1,2025-12-02T10:30:00,2025-12-02T10:30:00,0.0,False,,False,False,False,False,False,0,1,0,0
ITEM-000295,1,1,1,2025-12-02T10:29:00,2025-12-02T10:29:00,0.0,False,,False,False,False,False,False,0,1,0,0
ITEM-000300,1,1,1,2025-08-17T13:01:00,2025-08-17T13:01:00,0.0,False,,False,False,False,False,False,0,0,1,0
ITEM-000249,1,1,1,2025-10-22T17:14:00,2025-10-22T17:14:00,0.0,False,,False,False,False,False,False,0,1,0,0
ITEM-000251,1,1,1,2025-08-17T13:01:00,2025-08-17T13:01:00,0.0,False,,False,False,False,False,False,0,0,1,0
ITEM-000252,1,1,1,2025-12-02T10:29:00,2025-12-02T10:29:00,0.0,False,,False,False,False,False,False,0,1,0,0
ITEM-000255,1,1,1,2025-10-22T17:14:00,2025-10-22T17:14:00,0.0,False,,False,False,False,False,False,0,1,0,0
ITEM-000256,1,1,1,2025-10-22T17:14:00,2025-10-22T17:14:00,0.0,False,,False,False,False,False,False,0,1,0,0
ITEM-000257,1,1,1,2025-08-17T12:54:00,2025-08-17T12:54:00,0.0,False,,False,False,False,False,False,0,0,1,0
ITEM-000266,1,1,1,2025-08-17T12:56:00,2025-08-17T12:56:00,0.0,False,,False,False,False,False,False,0,0,1,0
ITEM-000267,1,1,1,2025-10-22T17:14:00,2025-10-22T17:14:00,0.0,False,,False,False,False,False,False,0,1,0,0
ITEM-000271,1,1,1,2025-10-22T17:14:00,2025-10-22T17:14:00,0.0,False,,False,False,False,False,False,0,1,0,0
ITEM-000275,1,1,1,2025-08-17T13:01:00,2025-08-17T13:01:00,0.0,False,,False,False,False,False,False,0,0,1,0
ITEM-000276,1,1,1,2025-12-02T10:30:00,2025-12-02T10:30:00,0.0,False,,False,False,False,False,False,0,1,0,0
ITEM-000277,1,1,1,2025-08-17T12:56:00,2025-08-17T12:56:00,0.0,False,,False,False,False,False,False,0,0,1,0
ITEM-000514,1,1,1,2025-08-17T12:53:00,2025-08-17T12:53:00,0.0,False,,False,False,False,False,False,0,0,1,0
ITEM-000515,1,1,1,2025-12-02T10:29:00,2025-12-02T10:29:00,0.0,False,,False,False,False,False,False,0,1,0,0
ITEM-000517,1,1,1,2025-08-17T13:03:00,2025-08-17T13:03:00,0.0,False,,False,False,False,False,False,0,0,1,0
ITEM-000521,1,1,1,2025-12-02T10:29:00,2025-12-02T10:29:00,0.0,False,,False,False,False,False,False,0,1,0,0
ITEM-000528,1,1,1,2025-08-17T12:56:00,2025-08-17T12:56:00,0.0,False,,False,False,False,False,False,0,0,1,0
ITEM-000533,1,1,1,2025-08-17T13:01:00,2025-08-17T13:01:00,0.0,False,,False,False,False,False,False,0,0,1,0
ITEM-000219,1,1,1,2025-12-02T10:29:00,2025-12-02T10:29:00,0.0,False,,False,False,False,False,False,0,1,0,0
ITEM-000220,1,1,1,2025-10-22T17:14:00,2025-10-22T17:14:00,0.0,False,,False,False,False,False,False,0,1,0,0
ITEM-000222,1,1,1,2025-12-02T10:29:00,2025-12-02T10:29:00,0.0,False,,False,False,False,False,False,0,1,0,0
ITEM-000232,1,1,1,2025-12-02T10:29:00,2025-12-02T10:29:00,0.0,False,,False,False,False,False,False,0,1,0,0
ITEM-000233,1,1,1,2025-10-22T17:14:00,2025-10-22T17:14:00,0.0,False,,False,False,False,False,False,0,1,0,0
ITEM-000237,1,1,1,2025-08-17T12:54:00,2025-08-17T12:54:00,0.0,False,,False,False,False,False,False,0,0,1,0
ITEM-000239,1,1,1,2025-08-17T12:58:00,2025-08-17T12:58:00,0.0,False,,False,False,False,False,False,0,0,1,0
ITEM-000184,1,1,1,2025-12-02T10:29:00,2025-12-02T10:29:00,0.0,False,,False,False,False,False,False,0,1,0,0
ITEM-000188,1,1,1,2025-08-17T12:54:00,2025-08-17T12:54:00,0.0,False,,False,False,False,False,False,0,0,1,0
ITEM-000189,1,1,1,2025-08-17T12:56:00,2025-08-17T12:56:00,0.0,False,,False,False,False,False,False,0,0,1,0
ITEM-000192,1,1,1,2025-08-17T12:54:00,2025-08-17T12:54:00,0.0,False,,False,False,False,False,False,0,0,1,0
ITEM-000196,1,1,1,2025-12-02T10:29:00,2025-12-02T10:29:00,0.0,False,,False,False,False,False,False,0,1,0,0
ITEM-000205,1,1,1,2025-12-02T10:29:00,2025-12-02T10:29:00,0.0,False,,False,False,False,False,False,0,1,0,0
ITEM-000206,1,1,1,2025-12-02T10:29:00,2025-12-02T10:29:00,0.0,False,,False,False,False,False,False,0,1,0,0
ITEM-000207,1,1,1,2025-08-17T12:53:00,2025-08-17T12:53:00,0.0,False,,False,False,False,False,False,0,0,1,0
ITEM-000208,1,1,1,2025-12-02T10:29:00,2025-12-02T10:29:00,0.0,False,,False,False,False,False,False,0,1,0,0
ITEM-000209,1,1,1,2025-08-17T12:56:00,2025-08-17T12:56:00,0.0,False,,False,False,False,False,False,0,0,1,0
ITEM-000213,1,1,1,2025-10-22T17:14:00,2025-10-22T17:14:00,0.0,False,,False,False,False,False,False,0,1,0,0
ITEM-000215,1,1,1,2025-12-02T10:29:00,2025-12-02T10:29:00,0.0,False,,False,False,False,False,False,0,1,0,0
ITEM-000541,1,1,1,2025-08-17T13:01:00,2025-08-17T13:01:00,0.0,False,,False,False,False,False,False,0,0,1,0
ITEM-000542,1,1,1,2025-08-17T13:03:00,2025-08-17T13:03:00,0.0,False,,False,False,False,False,False,0,0,1,0
ITEM-000548,1,1,1,2025-08-17T13:01:00,2025-08-17T13:01:00,0.0,False,,False,False,False,False,False,0,0,1,0
ITEM-000549,1,1,1,2025-08-17T13:01:00,2025-08-17T13:01:00,0.0,False,,False,False,False,False,False,0,0,1,0
ITEM-000550,1,1,1,2025-08-17T13:01:00,2025-08-17T13:01:00,0.0,False,,False,False,False,False,False,0,0,1,0
ITEM-000551,1,1,1,2025-12-02T10:30:00,2025-12-02T10:30:00,0.0,False,,False,False,False,False,False,0,1,0,0
ITEM-000552,1,1,1,2025-10-22T17:14:00,2025-10-22T17:14:00,0.0,False,,False,False,False,False,False,0,1,0,0
ITEM-000555,1,1,1,2025-08-17T12:53:00,2025-08-17T12:53:00,0.0,False,,False,False,False,False,False,0,0,1,0
ITEM-000556,1,1,1,2025-08-17T12:54:00,2025-08-17T12:54:00,0.0,False,,False,False,False,False,False,0,0,1,0
ITEM-000557,1,1,1,2025-10-22T17:14:00,2025-10-22T17:14:00,0.0,False,,False,False,False,False,False,0,1,0,0
ITEM-000558,1,1,1,2025-08-17T12:54:00,2025-08-17T12:54:00,0.0,False,,False,False,False,False,False,0,0,1,0
ITEM-000559,1,1,1,2025-08-17T12:56:00,2025-08-17T12:56:00,0.0,False,,False,False,False,False,False,0,0,1,0
ITEM-000562,1,1,1,2025-08-17T13:01:00,2025-08-17T13:01:00,0.0,False,,False,False,False,False,False,0,0,1,0
ITEM-000563,1,1,1,2025-10-22T17:14:00,2025-10-22T17:14:00,0.0,False,,False,False,False,False,False,0,1,0,0
ITEM-000152,1,1,1,2025-08-17T12:53:00,2025-08-17T12:53:00,0.0,False,,False,False,False,False,False,0,0,1,0
ITEM-000154,1,1,1,2025-12-02T10:29:00,2025-12-02T10:29:00,0.0,False,,False,False,False,False,False,0,1,0,0
ITEM-000161,1,1,1,2025-12-02T10:29:00,2025-12-02T10:29:00,0.0,False,,False,False,False,False,False,0,1,0,0
ITEM-000163,1,1,1,2025-08-17T13:01:00,2025-08-17T13:01:00,0.0,False,,False,False,False,False,False,0,0,1,0
ITEM-000165,1,1,1,2025-08-17T12:56:00,2025-08-17T12:56:00,0.0,False,,False,False,False,False,False,0,0,1,0
ITEM-000168,1,1,1,2025-08-17T12:56:00,2025-08-17T12:56:00,0.0,False,,False,False,False,False,False,0,0,1,0
ITEM-000171,1,1,1,2025-12-02T10:29:00,2025-12-02T10:29:00,0.0,False,,False,False,False,False,False,0,1,0,0
ITEM-000172,1,1,1,2025-12-02T10:30:00,2025-12-02T10:30:00,0.0,False,,False,False,False,False,False,0,1,0,0
ITEM-000175,1,1,1,2025-08-17T13:01:00,2025-08-17T13:01:00,0.0,False,,False,False,False,False,False,0,0,1,0
ITEM-000179,1,1,1,2025-08-17T12:56:00,2025-08-17T12:56:00,0.0,False,,False,False,False,False,False,0,0,1,0
ITEM-000181,1,1,1,2025-12-02T10:29:00,2025-12-02T10:29:00,0.0,False,,False,False,False,False,False,0,1,0,0
ITEM-000569,1,1,1,2025-08-17T12:56:00,2025-08-17T12:56:00,0.0,False,,False,False,False,False,False,0,0,1,0
ITEM-000572,1,1,1,2025-08-17T13:01:00,2025-08-17T13:01:00,0.0,False,,False,False,False,False,False,0,0,1,0
ITEM-000573,1,1,1,2025-08-17T12:56:00,2025-08-17T12:56:00,0.0,False,,False,False,False,False,False,0,0,1,0
ITEM-000576,1,1,1,2025-08-17T12:53:00,2025-08-17T12:53:00,0.0,False,,False,False,False,False,False,0,0,1,0
ITEM-000577,1,1,1,2025-08-17T12:54:00,2025-08-17T12:54:00,0.0,False,,False,False,False,False,False,0,0,1,0
ITEM-000579,1,1,1,2025-08-17T12:56:00,2025-08-17T12:56:00,0.0,False,,False,False,False,False,False,0,0,1,0
ITEM-000582,1,1,1,2025-10-22T17:14:00,2025-10-22T17:14:00,0.0,False,,False,False,False,False,False,0,1,0,0
ITEM-000585,1,1,1,2025-08-17T13:01:00,2025-08-17T13:01:00,0.0,False,,False,False,False,False,False,0,0,1,0
ITEM-000587,1,1,1,2025-08-17T13:01:00,2025-08-17T13:01:00,0.0,False,,False,False,False,False,False,0,0,1,0
ITEM-000589,1,1,1,2025-12-02T10:29:00,2025-12-02T10:29:00,0.0,False,,False,False,False,False,False,0,1,0,0
ITEM-000590,1,1,1,2025-12-02T10:29:00,2025-12-02T10:29:00,0.0,False,,False,False,False,False,False,0,1,0,0
ITEM-000592,1,1,1,2025-08-17T12:56:00,2025-08-17T12:56:00,0.0,False,,False,False,False,False,False,0,0,1,0
ITEM-000593,1,1,1,2025-12-02T10:29:00,2025-12-02T10:29:00,0.0,False,,False,False,False,False,False,0,1,0,0
ITEM-000595,1,1,1,2025-08-17T13:03:00,2025-08-17T13:03:00,0.0,False,,False,False,False,False,False,0,0,1,0
ITEM-000598,1,1,1,2025-08-17T13:01:00,2025-08-17T13:01:00,0.0,False,,False,False,False,False,False,0,0,1,0
ITEM-000599,1,1,1,2025-12-02T10:29:00,2025-12-02T10:29:00,0.0,False,,False,False,False,False,False,0,1,0,0
ITEM-000122,1,1,1,2025-08-17T13:01:00,2025-08-17T13:01:00,0.0,False,,False,False,False,False,False,0,0,1,0
ITEM-000125,1,1,1,2025-12-02T10:29:00,2025-12-02T10:29:00,0.0,False,,False,False,False,False,False,0,1,0,0
ITEM-000128,1,1,1,2025-10-22T17:14:00,2025-10-22T17:14:00,0.0,False,,False,False,False,False,False,0,1,0,0
ITEM-000131,1,1,1,2025-10-22T17:14:00,2025-10-22T17:14:00,0.0,False,,False,False,False,False,False,0,1,0,0
ITEM-000132,1,1,1,2025-08-17T13:01:00,2025-08-17T13:01:00,0.0,False,,False,False,False,False,False,0,0,1,0
ITEM-000133,1,1,1,2025-10-22T17:14:00,2025-10-22T17:14:00,0.0,False,,False,False,False,False,False,0,1,0,0
ITEM-000135,1,1,1,2025-10-22T17:14:00,2025-10-22T17:14:00,0.0,False,,False,False,False,False,False,0,1,0,0
ITEM-000140,1,1,1,2025-08-17T13:03:00,2025-08-17T13:03:00,0.0,False,,False,False,False,False,False,0,0,1,0
ITEM-000141,1,1,1,2025-08-17T13:01:00,2025-08-17T13:01:00,0.0,False,,False,False,False,False,False,0,0,1,0
ITEM-000142,1,1,1,2025-08-17T12:54:00,2025-08-17T12:54:00,0.0,False,,False,False,False,False,False,0,0,1,0
ITEM-000147,1,1,1,2025-08-17T12:56:00,2025-08-17T12:56:00,0.0,False,,False,False,False,False,False,0,0,1,0
ITEM-000148,1,1,1,2025-08-17T12:53:00,2025-08-17T12:53:00,0.0,False,,False,False,False,False,False,0,0,1,0
ITEM-000149,1,1,1,2025-10-22T17:14:00,2025-10-22T17:14:00,0.0,False,,False,False,False,False,False,0,1,0,0
ITEM-000088,1,1,1,2025-10-22T17:14:00,2025-10-22T17:14:00,0.0,False,,False,False,False,False,False,0,1,0,0
ITEM-000090,1,1,1,2025-08-17T13:03:00,2025-08-17T13:03:00,0.0,False,,False,False,False,False,False,0,0,1,0
ITEM-000091,1,1,1,2025-12-02T10:29:00,2025-12-02T10:29:00,0.0,False,,False,False,False,False,False,0,1,0,0
ITEM-000093,1,1,1,2025-12-02T10:29:00,2025-12-02T10:29:00,0.0,False,,False,False,False,False,False,0,1,0,0
ITEM-000100,1,1,1,2025-08-17T13:01:00,2025-08-17T13:01:00,0.0,False,,False,False,False,False,False,0,0,1,0
ITEM-000103,1,1,1,2025-08-17T12:56:00,2025-08-17T12:56:00,0.0,False,,False,False,False,False,False,0,0,1,0
ITEM-000105,1,1,1,2025-08-17T12:56:00,2025-08-17T12:56:00,0.0,False,,False,False,False,False,False,0,0,1,0
ITEM-000111,1,1,1,2025-08-17T13:03:00,2025-08-17T13:03:00,0.0,False,,False,False,False,False,False,0,0,1,0
ITEM-000112,1,1,1,2025-08-17T13:03:00,2025-08-17T13:03:00,0.0,False,,False,False,False,False,False,0,0,1,0
ITEM-000113,1,1,1,2025-08-17T13:01:00,2025-08-17T13:01:00,0.0,False,,False,False,False,False,False,0,0,1,0
ITEM-000115,1,1,1,2025-08-17T13:01:00,2025-08-17T13:01:00,0.0,False,,False,False,False,False,False,0,0,1,0
ITEM-000118,1,1,1,2025-08-17T12:54:00,2025-08-17T12:54:00,0.0,False,,False,False,False,False,False,0,0,1,0
ITEM-000119,1,1,1,2025-10-22T17:14:00,2025-10-22T17:14:00,0.0,False,,False,False,False,False,False,0,1,0,0
ITEM-000058,1,1,1,2025-08-17T13:03:00,2025-08-17T13:03:00,0.0,False,,False,False,False,False,False,0,0,1,0
ITEM-000059,1,1,1,2025-08-17T12:54:00,2025-08-17T12:54:00,0.0,False,,False,False,False,False,False,0,0,1,0
ITEM-000060,1,1,1,2025-08-17T12:56:00,2025-08-17T12:56:00,0.0,False,,False,False,False,False,False,0,0,1,0
ITEM-000065,1,1,1,2025-08-17T12:53:00,2025-08-17T12:53:00,0.0,False,,False,False,False,False,False,0,0,1,0
ITEM-000066,1,1,1,2025-12-02T10:29:00,2025-12-02T10:29:00,0.0,False,,False,False,False,False,False,0,1,0,0
ITEM-000069,1,1,1,2025-10-22T17:14:00,2025-10-22T17:14:00,0.0,False,,False,False,False,False,False,0,1,0,0
ITEM-000070,1,1,1,2025-08-17T13:04:00,2025-08-17T13:04:00,0.0,False,,False,False,False,False,False,0,0,1,0
ITEM-000075,1,1,1,2025-08-17T13:01:00,2025-08-17T13:01:00,0.0,False,,False,False,False,False,False,0,0,1,0
ITEM-000080,1,1,1,2025-08-17T12:53:00,2025-08-17T12:53:00,0.0,False,,False,False,False,False,False,0,0,1,0
ITEM-000082,1,1,1,2025-08-17T13:03:00,2025-08-17T13:03:00,0.0,False,,False,False,False,False,False,0,0,1,0
ITEM-000087,1,1,1,2025-10-22T17:14:00,2025-10-22T17:14:00,0.0,False,,False,False,False,False,False,0,1,0,0
ITEM-000607,1,1,1,2025-08-17T13:03:00,2025-08-17T13:03:00,0.0,False,,False,False,False,False,False,0,0,1,0
ITEM-000616,1,1,1,2025-08-17T12:56:00,2025-08-17T12:56:00,0.0,False,,False,False,False,False,False,0,0,1,0
ITEM-000624,1,1,1,2025-08-17T12:56:00,2025-08-17T12:56:00,0.0,False,,False,False,False,False,False,0,0,1,0
ITEM-000625,1,1,1,2025-08-17T12:56:00,2025-08-17T12:56:00,0.0,False,,False,False,False,False,False,0,0,1,0
ITEM-000631,1,1,1,2025-12-02T10:30:00,2025-12-02T10:30:00,0.0,False,,False,False,False,False,False,0,1,0,0
ITEM-000023,1,1,1,2025-10-22T17:14:00,2025-10-22T17:14:00,0.0,False,,False,False,False,False,False,0,1,0,0
ITEM-000665,1,1,1,2025-08-17T12:53:00,2025-08-17T12:53:00,0.0,False,,False,False,False,False,False,0,0,1,0
ITEM-000022,1,1,1,2025-08-17T12:56:00,2025-08-17T12:56:00,0.0,False,,False,False,False,False,False,0,0,1,0
ITEM-000017,1,1,1,2025-12-02T10:30:00,2025-12-02T10:30:00,0.0,False,,False,False,False,False,False,0,1,0,0
ITEM-000012,1,1,1,2025-08-17T13:01:00,2025-08-17T13:01:00,0.0,False,,False,False,False,False,False,0,0,1,0
ITEM-000003,1,1,1,2025-12-02T10:29:00,2025-12-02T10:29:00,0.0,False,,False,False,False,False,False,0,1,0,0
ITEM-000001,1,1,1,2025-08-17T13:02:00,2025-08-17T13:02:00,0.0,False,,False,False,False,False,False,0,0,1,0
